"Area","Period","Net"
"Afghanistan","1950-1955",-20
"Afghanistan","1955-1960",-20
"Afghanistan","1960-1965",-20
"Afghanistan","1965-1970",-20
"Afghanistan","1970-1975",-20
"Afghanistan","1975-1980",-1092.5
"Afghanistan","1980-1985",-3318.3
"Afghanistan","1985-1990",-1484.2
"Afghanistan","1990-1995",2327.5
"Afghanistan","1995-2000",-379.5
"Afghanistan","2000-2005",929.1
"Afghanistan","2005-2010",-777.5
"Afghanistan","2010-2015",448
"Afghanistan","2015-2020",-292.5
"Albania","1950-1955",-0.1
"Albania","1955-1960",-0.1
"Albania","1960-1965",-0.1
"Albania","1965-1970",-0.1
"Albania","1970-1975",-0.1
"Albania","1975-1980",-0.1
"Albania","1980-1985",-0.1
"Albania","1985-1990",-0.1
"Albania","1990-1995",-443.2
"Albania","1995-2000",-179.6
"Albania","2000-2005",-176.8
"Albania","2005-2010",-217.4
"Albania","2010-2015",-93.4
"Albania","2015-2020",-99.5
"Algeria","1950-1955",-310.4
"Algeria","1955-1960",-191.9
"Algeria","1960-1965",-284.3
"Algeria","1965-1970",-121.3
"Algeria","1970-1975",-247.8
"Algeria","1975-1980",-224.8
"Algeria","1980-1985",-81
"Algeria","1985-1990",-93.3
"Algeria","1990-1995",-128.7
"Algeria","1995-2000",-164.4
"Algeria","2000-2005",-205.2
"Algeria","2005-2010",-357.3
"Algeria","2010-2015",-143.3
"Algeria","2015-2020",-199.5
"Angola","1950-1955",0
"Angola","1955-1960",-75
"Angola","1960-1965",-135
"Angola","1965-1970",-226.2
"Angola","1970-1975",-81
"Angola","1975-1980",11.5
"Angola","1980-1985",234.1
"Angola","1985-1990",-152
"Angola","1990-1995",142.8
"Angola","1995-2000",-127
"Angola","2000-2005",172.6
"Angola","2005-2010",85.3
"Angola","2010-2015",87.3
"Angola","2015-2020",3.4
"Antigua and Barbuda","1950-1955",0.2
"Antigua and Barbuda","1955-1960",-4.5
"Antigua and Barbuda","1960-1965",-1.7
"Antigua and Barbuda","1965-1970",-1.6
"Antigua and Barbuda","1970-1975",-2.9
"Antigua and Barbuda","1975-1980",-3.5
"Antigua and Barbuda","1980-1985",-8.8
"Antigua and Barbuda","1985-1990",-7.6
"Antigua and Barbuda","1990-1995",2.6
"Antigua and Barbuda","1995-2000",4.4
"Antigua and Barbuda","2000-2005",-0.3
"Antigua and Barbuda","2005-2010",-0.1
"Antigua and Barbuda","2010-2015",-0.1
"Antigua and Barbuda","2015-2020",-1.7
"Argentina","1950-1955",310
"Argentina","1955-1960",140
"Argentina","1960-1965",122
"Argentina","1965-1970",130
"Argentina","1970-1975",290
"Argentina","1975-1980",-230
"Argentina","1980-1985",140
"Argentina","1985-1990",160
"Argentina","1990-1995",30
"Argentina","1995-2000",-80
"Argentina","2000-2005",-90
"Argentina","2005-2010",-85
"Argentina","2010-2015",30
"Argentina","2015-2020",36.3
"Armenia","1950-1955",49.9
"Armenia","1955-1960",59.9
"Armenia","1960-1965",70.3
"Armenia","1965-1970",103.4
"Armenia","1970-1975",86.4
"Armenia","1975-1980",17.2
"Armenia","1980-1985",-51.2
"Armenia","1985-1990",-67.5
"Armenia","1990-1995",-496.3
"Armenia","1995-2000",-223.9
"Armenia","2000-2005",-160.5
"Armenia","2005-2010",-183.4
"Armenia","2010-2015",-30.5
"Armenia","2015-2020",-82.2
"Aruba","1950-1955",-1.6
"Aruba","1955-1960",2.8
"Aruba","1960-1965",-4.3
"Aruba","1965-1970",-4.3
"Aruba","1970-1975",-3.5
"Aruba","1975-1980",-5.5
"Aruba","1980-1985",-1.9
"Aruba","1985-1990",-5.2
"Aruba","1990-1995",14.2
"Aruba","1995-2000",6.9
"Aruba","2000-2005",6.3
"Aruba","2005-2010",-0.4
"Aruba","2010-2015",1.3
"Aruba","2015-2020",0.5
"Australia","1950-1955",438.3
"Australia","1955-1960",397.2
"Australia","1960-1965",383
"Australia","1965-1970",802.8
"Australia","1970-1975",264.1
"Australia","1975-1980",235.7
"Australia","1980-1985",456.2
"Australia","1985-1990",666.2
"Australia","1990-1995",351.1
"Australia","1995-2000",377.6
"Australia","2000-2005",575.1
"Australia","2005-2010",1122.7
"Australia","2010-2015",913.1
"Australia","2015-2020",541.9
"Austria","1950-1955",-78
"Austria","1955-1960",-52
"Austria","1960-1965",16
"Austria","1965-1970",50.4
"Austria","1970-1975",82
"Austria","1975-1980",5.5
"Austria","1980-1985",18
"Austria","1985-1990",111
"Austria","1990-1995",227.8
"Austria","1995-2000",65.1
"Austria","2000-2005",178.1
"Austria","2005-2010",153.8
"Austria","2010-2015",267.2
"Austria","2015-2020",117.1
"Azerbaijan","1950-1955",0
"Azerbaijan","1955-1960",0
"Azerbaijan","1960-1965",0
"Azerbaijan","1965-1970",-40
"Azerbaijan","1970-1975",-50.5
"Azerbaijan","1975-1980",-50.5
"Azerbaijan","1980-1985",-101.6
"Azerbaijan","1985-1990",-161.6
"Azerbaijan","1990-1995",-115.1
"Azerbaijan","1995-2000",-111.8
"Azerbaijan","2000-2005",36.5
"Azerbaijan","2005-2010",53.6
"Azerbaijan","2010-2015",0
"Azerbaijan","2015-2020",-47.9
"Bahamas","1950-1955",-0.2
"Bahamas","1955-1960",8.5
"Bahamas","1960-1965",14.4
"Bahamas","1965-1970",14.1
"Bahamas","1970-1975",0.9
"Bahamas","1975-1980",2.8
"Bahamas","1980-1985",0.2
"Bahamas","1985-1990",-1.1
"Bahamas","1990-1995",-0.4
"Bahamas","1995-2000",-3.1
"Bahamas","2000-2005",15.5
"Bahamas","2005-2010",14.4
"Bahamas","2010-2015",9.7
"Bahamas","2015-2020",6.1
"Bahrain","1950-1955",3.1
"Bahrain","1955-1960",7.9
"Bahrain","1960-1965",-4.2
"Bahrain","1965-1970",-8
"Bahrain","1970-1975",19.1
"Bahrain","1975-1980",49
"Bahrain","1980-1985",3.2
"Bahrain","1985-1990",12.9
"Bahrain","1990-1995",5.5
"Bahrain","1995-2000",39.2
"Bahrain","2000-2005",155.5
"Bahrain","2005-2010",272
"Bahrain","2010-2015",42
"Bahrain","2015-2020",50.5
"Bangladesh","1950-1955",-55.1
"Bangladesh","1955-1960",1.5
"Bangladesh","1960-1965",-142.4
"Bangladesh","1965-1970",-161.8
"Bangladesh","1970-1975",-2977.9
"Bangladesh","1975-1980",-1076.7
"Bangladesh","1980-1985",-787.5
"Bangladesh","1985-1990",-219.4
"Bangladesh","1990-1995",-798.2
"Bangladesh","1995-2000",-756.1
"Bangladesh","2000-2005",-1541.5
"Bangladesh","2005-2010",-3571
"Bangladesh","2010-2015",-2526.5
"Bangladesh","2015-2020",-1302.5
"Barbados","1950-1955",-6.8
"Barbados","1955-1960",-17.3
"Barbados","1960-1965",-15.9
"Barbados","1965-1970",-11.9
"Barbados","1970-1975",-5.4
"Barbados","1975-1980",-3.6
"Barbados","1980-1985",-5.6
"Barbados","1985-1990",-4.1
"Barbados","1990-1995",-3.3
"Barbados","1995-2000",-1.3
"Barbados","2000-2005",-0.1
"Barbados","2005-2010",2
"Barbados","2010-2015",2.2
"Barbados","2015-2020",-4.2
"Belarus","1950-1955",-334.8
"Belarus","1955-1960",-164.5
"Belarus","1960-1965",-125.4
"Belarus","1965-1970",65.6
"Belarus","1970-1975",37.1
"Belarus","1975-1980",38.3
"Belarus","1980-1985",47.1
"Belarus","1985-1990",-23
"Belarus","1990-1995",-63.1
"Belarus","1995-2000",56.1
"Belarus","2000-2005",-6.4
"Belarus","2005-2010",63.9
"Belarus","2010-2015",75.8
"Belarus","2015-2020",14.5
"Belgium","1950-1955",53.7
"Belgium","1955-1960",46.6
"Belgium","1960-1965",38.3
"Belgium","1965-1970",47.3
"Belgium","1970-1975",71
"Belgium","1975-1980",73.5
"Belgium","1980-1985",18.5
"Belgium","1985-1990",42.6
"Belgium","1990-1995",106.9
"Belgium","1995-2000",50.9
"Belgium","2000-2005",219.6
"Belgium","2005-2010",294.3
"Belgium","2010-2015",258.7
"Belgium","2015-2020",110.9
"Belize","1950-1955",-3
"Belize","1955-1960",-2.7
"Belize","1960-1965",-2.4
"Belize","1965-1970",-3
"Belize","1970-1975",-10.7
"Belize","1975-1980",-13.5
"Belize","1980-1985",-5.3
"Belize","1985-1990",-5.4
"Belize","1990-1995",-9
"Belize","1995-2000",11.9
"Belize","2000-2005",5.8
"Belize","2005-2010",8.7
"Belize","2010-2015",7.6
"Belize","2015-2020",-1.3
"Benin","1950-1955",-23
"Benin","1955-1960",-23
"Benin","1960-1965",-24.3
"Benin","1965-1970",-23.7
"Benin","1970-1975",-24.8
"Benin","1975-1980",-19.4
"Benin","1980-1985",-10.8
"Benin","1985-1990",-8.7
"Benin","1990-1995",68.3
"Benin","1995-2000",-2.9
"Benin","2000-2005",25
"Benin","2005-2010",-48.8
"Benin","2010-2015",-42.3
"Benin","2015-2020",-9
"Bhutan","1950-1955",5
"Bhutan","1955-1960",5
"Bhutan","1960-1965",5
"Bhutan","1965-1970",10
"Bhutan","1970-1975",10
"Bhutan","1975-1980",10
"Bhutan","1980-1985",0.8
"Bhutan","1985-1990",1.6
"Bhutan","1990-1995",-85.9
"Bhutan","1995-2000",0.1
"Bhutan","2000-2005",29
"Bhutan","2005-2010",16.8
"Bhutan","2010-2015",10
"Bhutan","2015-2020",0.7
"Bolivia (Plurinational State of)","1950-1955",-32
"Bolivia (Plurinational State of)","1955-1960",-30
"Bolivia (Plurinational State of)","1960-1965",-34
"Bolivia (Plurinational State of)","1965-1970",-37
"Bolivia (Plurinational State of)","1970-1975",-43
"Bolivia (Plurinational State of)","1975-1980",-60
"Bolivia (Plurinational State of)","1980-1985",-87
"Bolivia (Plurinational State of)","1985-1990",-107
"Bolivia (Plurinational State of)","1990-1995",-91
"Bolivia (Plurinational State of)","1995-2000",-83
"Bolivia (Plurinational State of)","2000-2005",-90
"Bolivia (Plurinational State of)","2005-2010",-84
"Bolivia (Plurinational State of)","2010-2015",-61.8
"Bolivia (Plurinational State of)","2015-2020",-69.6
"Bosnia and Herzegovina","1950-1955",-50
"Bosnia and Herzegovina","1955-1960",-50
"Bosnia and Herzegovina","1960-1965",-50
"Bosnia and Herzegovina","1965-1970",-97
"Bosnia and Herzegovina","1970-1975",-82.2
"Bosnia and Herzegovina","1975-1980",-74.1
"Bosnia and Herzegovina","1980-1985",-30
"Bosnia and Herzegovina","1985-1990",-134.6
"Bosnia and Herzegovina","1990-1995",-726.5
"Bosnia and Herzegovina","1995-2000",-159.3
"Bosnia and Herzegovina","2000-2005",-6
"Bosnia and Herzegovina","2005-2010",-59.2
"Bosnia and Herzegovina","2010-2015",-161.4
"Bosnia and Herzegovina","2015-2020",-133.8
"Botswana","1950-1955",-5
"Botswana","1955-1960",-20
"Botswana","1960-1965",-15
"Botswana","1965-1970",-6
"Botswana","1970-1975",2.3
"Botswana","1975-1980",14.8
"Botswana","1980-1985",0.6
"Botswana","1985-1990",5.8
"Botswana","1990-1995",17.9
"Botswana","1995-2000",24.5
"Botswana","2000-2005",21.3
"Botswana","2005-2010",18.7
"Botswana","2010-2015",15
"Botswana","2015-2020",9.2
"Brazil","1950-1955",330
"Brazil","1955-1960",0
"Brazil","1960-1965",0
"Brazil","1965-1970",0
"Brazil","1970-1975",0
"Brazil","1975-1980",0
"Brazil","1980-1985",0
"Brazil","1985-1990",0
"Brazil","1990-1995",0
"Brazil","1995-2000",0
"Brazil","2000-2005",0
"Brazil","2005-2010",0
"Brazil","2010-2015",15.9
"Brazil","2015-2020",2.5
"Brunei Darussalam","1950-1955",5.3
"Brunei Darussalam","1955-1960",5
"Brunei Darussalam","1960-1965",4.9
"Brunei Darussalam","1965-1970",9.6
"Brunei Darussalam","1970-1975",9.8
"Brunei Darussalam","1975-1980",7.3
"Brunei Darussalam","1980-1985",2.9
"Brunei Darussalam","1985-1990",2.8
"Brunei Darussalam","1990-1995",3.9
"Brunei Darussalam","1995-2000",3.2
"Brunei Darussalam","2000-2005",3.3
"Brunei Darussalam","2005-2010",-2.1
"Brunei Darussalam","2010-2015",2
"Brunei Darussalam","2015-2020",4.2
"Bulgaria","1950-1955",-100.9
"Bulgaria","1955-1960",-43.5
"Bulgaria","1960-1965",-1.4
"Bulgaria","1965-1970",-6.4
"Bulgaria","1970-1975",-43.4
"Bulgaria","1975-1980",-94.9
"Bulgaria","1980-1985",-22.3
"Bulgaria","1985-1990",-184.1
"Bulgaria","1990-1995",-356.5
"Bulgaria","1995-2000",-133.8
"Bulgaria","2000-2005",-85.5
"Bulgaria","2005-2010",-83.7
"Bulgaria","2010-2015",-24.5
"Bulgaria","2015-2020",-93.1
"Burkina Faso","1950-1955",-102.2
"Burkina Faso","1955-1960",-102.2
"Burkina Faso","1960-1965",-144.7
"Burkina Faso","1965-1970",-144.7
"Burkina Faso","1970-1975",-170.3
"Burkina Faso","1975-1980",-217.4
"Burkina Faso","1980-1985",-217.4
"Burkina Faso","1985-1990",-183.7
"Burkina Faso","1990-1995",-150
"Burkina Faso","1995-2000",-137.5
"Burkina Faso","2000-2005",-125
"Burkina Faso","2005-2010",-125
"Burkina Faso","2010-2015",-125
"Burkina Faso","2015-2020",-150.3
"Burundi","1950-1955",-69.9
"Burundi","1955-1960",-70
"Burundi","1960-1965",-85
"Burundi","1965-1970",-57.9
"Burundi","1970-1975",-260.6
"Burundi","1975-1980",-150.3
"Burundi","1980-1985",-139.1
"Burundi","1985-1990",-150.8
"Burundi","1990-1995",-302.5
"Burundi","1995-2000",-445.5
"Burundi","2000-2005",50.9
"Burundi","2005-2010",102.1
"Burundi","2010-2015",-70
"Burundi","2015-2020",-121.9
"Cambodia","1950-1955",0
"Cambodia","1955-1960",0
"Cambodia","1960-1965",0
"Cambodia","1965-1970",-250
"Cambodia","1970-1975",-125
"Cambodia","1975-1980",-85
"Cambodia","1980-1985",-88.9
"Cambodia","1985-1990",-78
"Cambodia","1990-1995",409.4
"Cambodia","1995-2000",348.5
"Cambodia","2000-2005",-35.2
"Cambodia","2005-2010",-296
"Cambodia","2010-2015",-150
"Cambodia","2015-2020",-29.8
"Cameroon","1950-1955",0
"Cameroon","1955-1960",0
"Cameroon","1960-1965",0
"Cameroon","1965-1970",-1
"Cameroon","1970-1975",-2.5
"Cameroon","1975-1980",0
"Cameroon","1980-1985",-16.5
"Cameroon","1985-1990",-19.5
"Cameroon","1990-1995",-48
"Cameroon","1995-2000",-48
"Cameroon","2000-2005",-54
"Cameroon","2005-2010",-54
"Cameroon","2010-2015",-36
"Cameroon","2015-2020",-25.4
"Canada","1950-1955",615.1
"Canada","1955-1960",561.5
"Canada","1960-1965",178.1
"Canada","1965-1970",608.5
"Canada","1970-1975",771.5
"Canada","1975-1980",438
"Canada","1980-1985",376.1
"Canada","1985-1990",875
"Canada","1990-1995",698.8
"Canada","1995-2000",761.6
"Canada","2000-2005",1026.7
"Canada","2005-2010",1229.9
"Canada","2010-2015",1145.7
"Canada","2015-2020",717.3
"Cape Verde","1950-1955",-5.9
"Cape Verde","1955-1960",-22.8
"Cape Verde","1960-1965",-1.2
"Cape Verde","1965-1970",4.3
"Cape Verde","1970-1975",-34.9
"Cape Verde","1975-1980",-28
"Cape Verde","1980-1985",-20.3
"Cape Verde","1985-1990",-27.8
"Cape Verde","1990-1995",-6.4
"Cape Verde","1995-2000",-5.4
"Cape Verde","2000-2005",-9.9
"Cape Verde","2005-2010",-17.6
"Cape Verde","2010-2015",-11.1
"Cape Verde","2015-2020",-13.8
"Central African Republic","1950-1955",0
"Central African Republic","1955-1960",0
"Central African Republic","1960-1965",11.9
"Central African Republic","1965-1970",13.1
"Central African Republic","1970-1975",-20.1
"Central African Republic","1975-1980",4
"Central African Republic","1980-1985",40.2
"Central African Republic","1985-1990",-45
"Central African Republic","1990-1995",50
"Central African Republic","1995-2000",25
"Central African Republic","2000-2005",-24.4
"Central African Republic","2005-2010",-125.6
"Central African Republic","2010-2015",-396.1
"Central African Republic","2015-2020",-63.2
"Chad","1950-1955",0
"Chad","1955-1960",-2.5
"Chad","1960-1965",-5
"Chad","1965-1970",-41
"Chad","1970-1975",-49
"Chad","1975-1980",-175.5
"Chad","1980-1985",-131.2
"Chad","1985-1990",1.4
"Chad","1990-1995",-10.4
"Chad","1995-2000",69.4
"Chad","2000-2005",219
"Chad","2005-2010",75
"Chad","2010-2015",100
"Chad","2015-2020",22.8
"Channel Islands","1950-1955",2.2
"Channel Islands","1955-1960",2.3
"Channel Islands","1960-1965",2.9
"Channel Islands","1965-1970",3.9
"Channel Islands","1970-1975",4.2
"Channel Islands","1975-1980",1.7
"Channel Islands","1980-1985",5.4
"Channel Islands","1985-1990",6.1
"Channel Islands","1990-1995",2.1
"Channel Islands","1995-2000",3.8
"Channel Islands","2000-2005",4.6
"Channel Islands","2005-2010",4.5
"Channel Islands","2010-2015",3.7
"Channel Islands","2015-2020",3.6
"Chile","1950-1955",-58.2
"Chile","1955-1960",-62.6
"Chile","1960-1965",-45
"Chile","1965-1970",-40.6
"Chile","1970-1975",-62.5
"Chile","1975-1980",-76.6
"Chile","1980-1985",-63.5
"Chile","1985-1990",-21
"Chile","1990-1995",13.7
"Chile","1995-2000",23.5
"Chile","2000-2005",37.4
"Chile","2005-2010",59.4
"Chile","2010-2015",80.8
"Chile","2015-2020",-9.2
"China","1950-1955",-220.8
"China","1955-1960",-59.5
"China","1960-1965",-1131.2
"China","1965-1970",-160.3
"China","1970-1975",-1081.5
"China","1975-1980",-47.2
"China","1980-1985",-200.8
"China","1985-1990",-420
"China","1990-1995",-764.1
"China","1995-2000",-383.4
"China","2000-2005",-2030.1
"China","2005-2010",-2390.9
"China","2010-2015",-1698.4
"China","2015-2020",-918.5
"Colombia","1950-1955",-163
"Colombia","1955-1960",-213
"Colombia","1960-1965",-254
"Colombia","1965-1970",-281
"Colombia","1970-1975",-290
"Colombia","1975-1980",-287
"Colombia","1980-1985",-274
"Colombia","1985-1990",-254
"Colombia","1990-1995",-224
"Colombia","1995-2000",-190
"Colombia","2000-2005",-159
"Colombia","2005-2010",-143
"Colombia","2010-2015",-145
"Colombia","2015-2020",-224.9
"Comoros","1950-1955",0
"Comoros","1955-1960",-6.1
"Comoros","1960-1965",-8.5
"Comoros","1965-1970",-5.5
"Comoros","1970-1975",-5.5
"Comoros","1975-1980",10
"Comoros","1980-1985",-4.5
"Comoros","1985-1990",-4.5
"Comoros","1990-1995",-3
"Comoros","1995-2000",-6
"Comoros","2000-2005",-10
"Comoros","2005-2010",-10
"Comoros","2010-2015",-10
"Comoros","2015-2020",-4.9
"Congo","1950-1955",0
"Congo","1955-1960",0
"Congo","1960-1965",0
"Congo","1965-1970",0.5
"Congo","1970-1975",6.9
"Congo","1975-1980",-7.4
"Congo","1980-1985",2.1
"Congo","1985-1990",2
"Congo","1990-1995",22.5
"Congo","1995-2000",49.3
"Congo","2000-2005",49.7
"Congo","2005-2010",95.9
"Congo","2010-2015",-60
"Congo","2015-2020",10.1
"Costa Rica","1950-1955",4.9
"Costa Rica","1955-1960",7.1
"Costa Rica","1960-1965",7.9
"Costa Rica","1965-1970",7.8
"Costa Rica","1970-1975",12.6
"Costa Rica","1975-1980",17.4
"Costa Rica","1980-1985",18.9
"Costa Rica","1985-1990",17.4
"Costa Rica","1990-1995",69.2
"Costa Rica","1995-2000",89.5
"Costa Rica","2000-2005",41.8
"Costa Rica","2005-2010",30.3
"Costa Rica","2010-2015",19.7
"Costa Rica","2015-2020",29.6
"Cote d'Ivoire","1950-1955",69.4
"Cote d'Ivoire","1955-1960",99.9
"Cote d'Ivoire","1960-1965",200
"Cote d'Ivoire","1965-1970",200
"Cote d'Ivoire","1970-1975",400
"Cote d'Ivoire","1975-1980",420
"Cote d'Ivoire","1980-1985",430
"Cote d'Ivoire","1985-1990",325
"Cote d'Ivoire","1990-1995",375
"Cote d'Ivoire","1995-2000",180
"Cote d'Ivoire","2000-2005",-370
"Cote d'Ivoire","2005-2010",-220
"Cote d'Ivoire","2010-2015",60
"Cote d'Ivoire","2015-2020",186.1
"Croatia","1950-1955",0
"Croatia","1955-1960",0
"Croatia","1960-1965",1.9
"Croatia","1965-1970",-1.2
"Croatia","1970-1975",-18.4
"Croatia","1975-1980",18.7
"Croatia","1980-1985",54.4
"Croatia","1985-1990",26.1
"Croatia","1990-1995",-143.6
"Croatia","1995-2000",-188.1
"Croatia","2000-2005",-2.6
"Croatia","2005-2010",-10.5
"Croatia","2010-2015",-32.8
"Croatia","2015-2020",-24.3
"Cuba","1950-1955",-30
"Cuba","1955-1960",-55
"Cuba","1960-1965",-205
"Cuba","1965-1970",-250
"Cuba","1970-1975",-190
"Cuba","1975-1980",-160
"Cuba","1980-1985",-270
"Cuba","1985-1990",-70
"Cuba","1990-1995",-120
"Cuba","1995-2000",-132.8
"Cuba","2000-2005",-145.6
"Cuba","2005-2010",-178.7
"Cuba","2010-2015",-73.3
"Cuba","2015-2020",-164.4
"Curaçao","1950-1955",2.6
"Curaçao","1955-1960",-6
"Curaçao","1960-1965",-7.8
"Curaçao","1965-1970",-4.5
"Curaçao","1970-1975",-5
"Curaçao","1975-1980",-13.3
"Curaçao","1980-1985",-8.5
"Curaçao","1985-1990",-14.5
"Curaçao","1990-1995",-11.5
"Curaçao","1995-2000",-17.1
"Curaçao","2000-2005",-6.1
"Curaçao","2005-2010",15.4
"Curaçao","2010-2015",6.8
"Curaçao","2015-2020",-2.5
"Cyprus","1950-1955",-13.8
"Cyprus","1955-1960",-6.6
"Cyprus","1960-1965",-43
"Cyprus","1965-1970",-7.8
"Cyprus","1970-1975",3.1
"Cyprus","1975-1980",-1.2
"Cyprus","1980-1985",-27.6
"Cyprus","1985-1990",17.2
"Cyprus","1990-1995",43.2
"Cyprus","1995-2000",53.3
"Cyprus","2000-2005",57.5
"Cyprus","2005-2010",58.7
"Cyprus","2010-2015",22.5
"Cyprus","2015-2020",15.5
"Czech Republic","1950-1955",60
"Czech Republic","1955-1960",-36.4
"Czech Republic","1960-1965",25
"Czech Republic","1965-1970",-129.1
"Czech Republic","1970-1975",10
"Czech Republic","1975-1980",10
"Czech Republic","1980-1985",-52.9
"Czech Republic","1985-1990",5.7
"Czech Republic","1990-1995",30
"Czech Republic","1995-2000",46
"Czech Republic","2000-2005",47.4
"Czech Republic","2005-2010",250.9
"Czech Republic","2010-2015",60
"Czech Republic","2015-2020",26.7
"Democratic People's Republic of Korea","1950-1955",-568.4
"Democratic People's Republic of Korea","1955-1960",0
"Democratic People's Republic of Korea","1960-1965",0
"Democratic People's Republic of Korea","1965-1970",0
"Democratic People's Republic of Korea","1970-1975",0
"Democratic People's Republic of Korea","1975-1980",0
"Democratic People's Republic of Korea","1980-1985",0
"Democratic People's Republic of Korea","1985-1990",0
"Democratic People's Republic of Korea","1990-1995",0
"Democratic People's Republic of Korea","1995-2000",-13.9
"Democratic People's Republic of Korea","2000-2005",-17.2
"Democratic People's Republic of Korea","2005-2010",-24.7
"Democratic People's Republic of Korea","2010-2015",-27
"Democratic People's Republic of Korea","2015-2020",-7
"Democratic Republic of the Congo","1950-1955",0
"Democratic Republic of the Congo","1955-1960",75
"Democratic Republic of the Congo","1960-1965",122.7
"Democratic Republic of the Congo","1965-1970",241.9
"Democratic Republic of the Congo","1970-1975",27.4
"Democratic Republic of the Congo","1975-1980",100.7
"Democratic Republic of the Congo","1980-1985",-446.9
"Democratic Republic of the Congo","1985-1990",74.5
"Democratic Republic of the Congo","1990-1995",1302.4
"Democratic Republic of the Congo","1995-2000",-1006.4
"Democratic Republic of the Congo","2000-2005",-241.6
"Democratic Republic of the Congo","2005-2010",-43.4
"Democratic Republic of the Congo","2010-2015",15.1
"Democratic Republic of the Congo","2015-2020",27.5
"Denmark","1950-1955",-18.3
"Denmark","1955-1960",-32.6
"Denmark","1960-1965",2.3
"Denmark","1965-1970",21.9
"Denmark","1970-1975",23.3
"Denmark","1975-1980",14.9
"Denmark","1980-1985",9.3
"Denmark","1985-1990",32.8
"Denmark","1990-1995",65.5
"Denmark","1995-2000",74.6
"Denmark","2000-2005",46.3
"Denmark","2005-2010",88
"Denmark","2010-2015",106.8
"Denmark","2015-2020",43.2
"Djibouti","1950-1955",1
"Djibouti","1955-1960",5
"Djibouti","1960-1965",18
"Djibouti","1965-1970",25
"Djibouti","1970-1975",35
"Djibouti","1975-1980",91.2
"Djibouti","1980-1985",10
"Djibouti","1985-1990",90
"Djibouti","1990-1995",-45
"Djibouti","1995-2000",10
"Djibouti","2000-2005",-9
"Djibouti","2005-2010",-1.5
"Djibouti","2010-2015",6
"Djibouti","2015-2020",20.1
"Dominican Republic","1950-1955",-19
"Dominican Republic","1955-1960",-31.7
"Dominican Republic","1960-1965",-43.5
"Dominican Republic","1965-1970",-56.2
"Dominican Republic","1970-1975",-70.8
"Dominican Republic","1975-1980",-87.1
"Dominican Republic","1980-1985",-118.1
"Dominican Republic","1985-1990",-134.5
"Dominican Republic","1990-1995",-144.2
"Dominican Republic","1995-2000",-150.1
"Dominican Republic","2000-2005",-152.6
"Dominican Republic","2005-2010",-153.8
"Dominican Republic","2010-2015",-153
"Dominican Republic","2015-2020",-113.8
"Ecuador","1950-1955",-2
"Ecuador","1955-1960",-8
"Ecuador","1960-1965",-9
"Ecuador","1965-1970",-5.5
"Ecuador","1970-1975",-5.5
"Ecuador","1975-1980",-7.2
"Ecuador","1980-1985",-14
"Ecuador","1985-1990",-17
"Ecuador","1990-1995",-19
"Ecuador","1995-2000",-70
"Ecuador","2000-2005",-120
"Ecuador","2005-2010",-45
"Ecuador","2010-2015",-38
"Ecuador","2015-2020",-31.8
"Egypt","1950-1955",-50.1
"Egypt","1955-1960",-50.1
"Egypt","1960-1965",-50.1
"Egypt","1965-1970",-239.7
"Egypt","1970-1975",-546.8
"Egypt","1975-1980",-563.6
"Egypt","1980-1985",-389.8
"Egypt","1985-1990",-212.2
"Egypt","1990-1995",-460.4
"Egypt","1995-2000",-210.9
"Egypt","2000-2005",-74.5
"Egypt","2005-2010",-283.6
"Egypt","2010-2015",-275
"Egypt","2015-2020",-286.6
"El Salvador","1950-1955",-62.2
"El Salvador","1955-1960",-43.9
"El Salvador","1960-1965",-24
"El Salvador","1965-1970",-44.3
"El Salvador","1970-1975",-91
"El Salvador","1975-1980",-164.2
"El Salvador","1980-1985",-231.7
"El Salvador","1985-1990",-256.7
"El Salvador","1990-1995",-265.2
"El Salvador","1995-2000",-326.9
"El Salvador","2000-2005",-312.8
"El Salvador","2005-2010",-285.7
"El Salvador","2010-2015",-240.4
"El Salvador","2015-2020",-196.9
"Equatorial Guinea","1950-1955",0
"Equatorial Guinea","1955-1960",0
"Equatorial Guinea","1960-1965",3
"Equatorial Guinea","1965-1970",5
"Equatorial Guinea","1970-1975",-70
"Equatorial Guinea","1975-1980",-30
"Equatorial Guinea","1980-1985",65
"Equatorial Guinea","1985-1990",20
"Equatorial Guinea","1990-1995",20
"Equatorial Guinea","1995-2000",35
"Equatorial Guinea","2000-2005",50
"Equatorial Guinea","2005-2010",80
"Equatorial Guinea","2010-2015",90
"Equatorial Guinea","2015-2020",24.6
"Eritrea","1950-1955",1
"Eritrea","1955-1960",3
"Eritrea","1960-1965",7
"Eritrea","1965-1970",5
"Eritrea","1970-1975",10
"Eritrea","1975-1980",10
"Eritrea","1980-1985",10
"Eritrea","1985-1990",-40
"Eritrea","1990-1995",-400
"Eritrea","1995-2000",-70
"Eritrea","2000-2005",110
"Eritrea","2005-2010",-160
"Eritrea","2010-2015",-160
"Eritrea","2015-2020",-43.7
"Estonia","1950-1955",37
"Estonia","1955-1960",26.9
"Estonia","1960-1965",43.2
"Estonia","1965-1970",41.2
"Estonia","1970-1975",30.6
"Estonia","1975-1980",30.5
"Estonia","1980-1985",25.9
"Estonia","1985-1990",15.5
"Estonia","1990-1995",-111.9
"Estonia","1995-2000",-1.2
"Estonia","2000-2005",-18.4
"Estonia","2005-2010",-15.2
"Estonia","2010-2015",-10.5
"Estonia","2015-2020",1.7
"Ethiopia","1950-1955",-20
"Ethiopia","1955-1960",-20
"Ethiopia","1960-1965",-20
"Ethiopia","1965-1970",-42.2
"Ethiopia","1970-1975",-59.6
"Ethiopia","1975-1980",-1999.8
"Ethiopia","1980-1985",250
"Ethiopia","1985-1990",780.1
"Ethiopia","1990-1995",1475.3
"Ethiopia","1995-2000",-155.6
"Ethiopia","2000-2005",-83.2
"Ethiopia","2005-2010",-50.1
"Ethiopia","2010-2015",-60
"Ethiopia","2015-2020",109.8
"Fiji","1950-1955",-3.3
"Fiji","1955-1960",-4.9
"Fiji","1960-1965",2.5
"Fiji","1965-1970",-9.6
"Fiji","1970-1975",-12.5
"Fiji","1975-1980",-20.7
"Fiji","1980-1985",-11.6
"Fiji","1985-1990",-66.9
"Fiji","1990-1995",-35.8
"Fiji","1995-2000",-42.3
"Fiji","2000-2005",-61.8
"Fiji","2005-2010",-28.8
"Fiji","2010-2015",-28.7
"Fiji","2015-2020",-27.1
"Finland","1950-1955",-32.5
"Finland","1955-1960",-27.7
"Finland","1960-1965",-65
"Finland","1965-1970",-97.9
"Finland","1970-1975",28.9
"Finland","1975-1980",-29.4
"Finland","1980-1985",26.2
"Finland","1985-1990",18.3
"Finland","1990-1995",47.2
"Finland","1995-2000",22.2
"Finland","2000-2005",31.9
"Finland","2005-2010",57.6
"Finland","2010-2015",81.4
"Finland","2015-2020",10.8
"France","1950-1955",298.3
"France","1955-1960",930
"France","1960-1965",1466.7
"France","1965-1970",416.2
"France","1970-1975",805.2
"France","1975-1980",146.9
"France","1980-1985",268.1
"France","1985-1990",481.9
"France","1990-1995",303.4
"France","1995-2000",382.3
"France","2000-2005",493.1
"France","2005-2010",536.3
"France","2010-2015",361.7
"France","2015-2020",479.5
"French Guiana","1950-1955",0.2
"French Guiana","1955-1960",0.7
"French Guiana","1960-1965",3.5
"French Guiana","1965-1970",4
"French Guiana","1970-1975",2.5
"French Guiana","1975-1980",5.1
"French Guiana","1980-1985",10.8
"French Guiana","1985-1990",16.7
"French Guiana","1990-1995",4.5
"French Guiana","1995-2000",6.6
"French Guiana","2000-2005",17.7
"French Guiana","2005-2010",3
"French Guiana","2010-2015",6
"French Guiana","2015-2020",7.3
"French Polynesia","1950-1955",-1.3
"French Polynesia","1955-1960",-2.4
"French Polynesia","1960-1965",3.2
"French Polynesia","1965-1970",3.3
"French Polynesia","1970-1975",4.4
"French Polynesia","1975-1980",3.8
"French Polynesia","1980-1985",3.6
"French Polynesia","1985-1990",0.2
"French Polynesia","1990-1995",-4.3
"French Polynesia","1995-2000",3.5
"French Polynesia","2000-2005",0.1
"French Polynesia","2005-2010",-3.5
"French Polynesia","2010-2015",-5
"French Polynesia","2015-2020",0.9
"Gabon","1950-1955",3
"Gabon","1955-1960",3
"Gabon","1960-1965",9.4
"Gabon","1965-1970",16.2
"Gabon","1970-1975",3
"Gabon","1975-1980",5
"Gabon","1980-1985",5
"Gabon","1985-1990",5
"Gabon","1990-1995",5
"Gabon","1995-2000",9.6
"Gabon","2000-2005",30.8
"Gabon","2005-2010",68.7
"Gabon","2010-2015",85.4
"Gabon","2015-2020",22.1
"Gambia","1950-1955",16.9
"Gambia","1955-1960",36.4
"Gambia","1960-1965",-3.2
"Gambia","1965-1970",0.1
"Gambia","1970-1975",9.4
"Gambia","1975-1980",-3.4
"Gambia","1980-1985",19.5
"Gambia","1985-1990",48.4
"Gambia","1990-1995",-14.8
"Gambia","1995-2000",-26.4
"Gambia","2000-2005",-13.7
"Gambia","2005-2010",-13.7
"Gambia","2010-2015",-13.5
"Gambia","2015-2020",-0.5
"Georgia","1950-1955",44.9
"Georgia","1955-1960",68.2
"Georgia","1960-1965",96.3
"Georgia","1965-1970",85.2
"Georgia","1970-1975",-73.4
"Georgia","1975-1980",-95.4
"Georgia","1980-1985",-47.8
"Georgia","1985-1990",-43.7
"Georgia","1990-1995",-544.1
"Georgia","1995-2000",-366
"Georgia","2000-2005",-277.5
"Georgia","2005-2010",-299.5
"Georgia","2010-2015",-305.3
"Georgia","2015-2020",-161.7
"Germany","1950-1955",-42
"Germany","1955-1960",39.8
"Germany","1960-1965",667
"Germany","1965-1970",867.6
"Germany","1970-1975",714.2
"Germany","1975-1980",228.9
"Germany","1980-1985",0
"Germany","1985-1990",1714.7
"Germany","1990-1995",2659.7
"Germany","1995-2000",695.9
"Germany","2000-2005",804.6
"Germany","2005-2010",43.1
"Germany","2010-2015",1777.1
"Germany","2015-2020",841.2
"Ghana","1950-1955",72
"Ghana","1955-1960",142
"Ghana","1960-1965",0
"Ghana","1965-1970",-362
"Ghana","1970-1975",-164
"Ghana","1975-1980",-564
"Ghana","1980-1985",206
"Ghana","1985-1990",-30
"Ghana","1990-1995",-16.3
"Ghana","1995-2000",-112.6
"Ghana","2000-2005",165.5
"Ghana","2005-2010",189.3
"Ghana","2010-2015",-50
"Ghana","2015-2020",-61.6
"Greece","1950-1955",-70
"Greece","1955-1960",-203.3
"Greece","1960-1965",-257.9
"Greece","1965-1970",-187.1
"Greece","1970-1975",20.8
"Greece","1975-1980",309.7
"Greece","1980-1985",100.2
"Greece","1985-1990",178.9
"Greece","1990-1995",464.6
"Greece","1995-2000",297.4
"Greece","2000-2005",113.6
"Greece","2005-2010",80.2
"Greece","2010-2015",-161.8
"Greece","2015-2020",79.1
"Grenada","1950-1955",-5.6
"Grenada","1955-1960",-5.2
"Grenada","1960-1965",-9
"Grenada","1965-1970",-9.3
"Grenada","1970-1975",-11.4
"Grenada","1975-1980",-12.9
"Grenada","1980-1985",-0.3
"Grenada","1985-1990",-15
"Grenada","1990-1995",-3.9
"Grenada","1995-2000",-4.9
"Grenada","2000-2005",-4.1
"Grenada","2005-2010",-4.3
"Grenada","2010-2015",-4.3
"Grenada","2015-2020",-6.7
"Guadeloupe","1950-1955",-2.8
"Guadeloupe","1955-1960",5.5
"Guadeloupe","1960-1965",-10.9
"Guadeloupe","1965-1970",-18.3
"Guadeloupe","1970-1975",-25.4
"Guadeloupe","1975-1980",-23.9
"Guadeloupe","1980-1985",4.7
"Guadeloupe","1985-1990",5.3
"Guadeloupe","1990-1995",-4.7
"Guadeloupe","1995-2000",-0.4
"Guadeloupe","2000-2005",-4.4
"Guadeloupe","2005-2010",-3.9
"Guadeloupe","2010-2015",-10
"Guadeloupe","2015-2020",-8.5
"Guam","1950-1955",-3.8
"Guam","1955-1960",-4.6
"Guam","1960-1965",-2.9
"Guam","1965-1970",-1.4
"Guam","1970-1975",-2.1
"Guam","1975-1980",-1.5
"Guam","1980-1985",0.1
"Guam","1985-1990",0.1
"Guam","1990-1995",1.7
"Guam","1995-2000",-4.1
"Guam","2000-2005",-9.6
"Guam","2005-2010",-9.8
"Guam","2010-2015",-7.6
"Guam","2015-2020",-3.3
"Guatemala","1950-1955",-2.9
"Guatemala","1955-1960",-4.2
"Guatemala","1960-1965",-10.3
"Guatemala","1965-1970",-41.3
"Guatemala","1970-1975",-137.5
"Guatemala","1975-1980",-258.5
"Guatemala","1980-1985",-283.1
"Guatemala","1985-1990",-299.9
"Guatemala","1990-1995",-367.5
"Guatemala","1995-2000",-402.3
"Guatemala","2000-2005",-281.1
"Guatemala","2005-2010",-114.2
"Guatemala","2010-2015",-50.1
"Guatemala","2015-2020",-200.4
"Guinea","1950-1955",0
"Guinea","1955-1960",-9.9
"Guinea","1960-1965",-13.9
"Guinea","1965-1970",-13.9
"Guinea","1970-1975",-275
"Guinea","1975-1980",-353
"Guinea","1980-1985",-38
"Guinea","1985-1990",162.4
"Guinea","1990-1995",800
"Guinea","1995-2000",-246.1
"Guinea","2000-2005",-368
"Guinea","2005-2010",-300
"Guinea","2010-2015",-250
"Guinea","2015-2020",-75
"Guinea-Bissau","1950-1955",-10
"Guinea-Bissau","1955-1960",-10
"Guinea-Bissau","1960-1965",-20
"Guinea-Bissau","1965-1970",-7.2
"Guinea-Bissau","1970-1975",-15
"Guinea-Bissau","1975-1980",-79.4
"Guinea-Bissau","1980-1985",-30
"Guinea-Bissau","1985-1990",-28
"Guinea-Bissau","1990-1995",-30
"Guinea-Bissau","1995-2000",-58.8
"Guinea-Bissau","2000-2005",-39.9
"Guinea-Bissau","2005-2010",-25
"Guinea-Bissau","2010-2015",-10
"Guinea-Bissau","2015-2020",-29.7
"Guyana","1950-1955",1.7
"Guyana","1955-1960",-1.3
"Guyana","1960-1965",-14.7
"Guyana","1965-1970",-42.6
"Guyana","1970-1975",-54.4
"Guyana","1975-1980",-52.3
"Guyana","1980-1985",-97.3
"Guyana","1985-1990",-102.6
"Guyana","1990-1995",-57.9
"Guyana","1995-2000",-80.3
"Guyana","2000-2005",-64.2
"Guyana","2005-2010",-55.5
"Guyana","2010-2015",-27.3
"Guyana","2015-2020",-53.4
"Haiti","1950-1955",-30
"Haiti","1955-1960",-35
"Haiti","1960-1965",-52
"Haiti","1965-1970",-58
"Haiti","1970-1975",-88
"Haiti","1975-1980",-98
"Haiti","1980-1985",-125
"Haiti","1985-1990",-135
"Haiti","1990-1995",-140
"Haiti","1995-2000",-145
"Haiti","2000-2005",-140
"Haiti","2005-2010",-138
"Haiti","2010-2015",-150
"Haiti","2015-2020",-111.5
"Honduras","1950-1955",-2
"Honduras","1955-1960",-12
"Honduras","1960-1965",-29
"Honduras","1965-1970",-41
"Honduras","1970-1975",-46
"Honduras","1975-1980",-51
"Honduras","1980-1985",-62
"Honduras","1985-1990",-74
"Honduras","1990-1995",-78
"Honduras","1995-2000",-65
"Honduras","2000-2005",-42
"Honduras","2005-2010",-24
"Honduras","2010-2015",-15
"Honduras","2015-2020",-47.3
"Hong Kong Special Administrative Region of China","1950-1955",165.2
"Hong Kong Special Administrative Region of China","1955-1960",163
"Hong Kong Special Administrative Region of China","1960-1965",-27.4
"Hong Kong Special Administrative Region of China","1965-1970",71.6
"Hong Kong Special Administrative Region of China","1970-1975",74
"Hong Kong Special Administrative Region of China","1975-1980",406.6
"Hong Kong Special Administrative Region of China","1980-1985",160.6
"Hong Kong Special Administrative Region of China","1985-1990",221.3
"Hong Kong Special Administrative Region of China","1990-1995",156.5
"Hong Kong Special Administrative Region of China","1995-2000",375.7
"Hong Kong Special Administrative Region of China","2000-2005",64.8
"Hong Kong Special Administrative Region of China","2005-2010",89.7
"Hong Kong Special Administrative Region of China","2010-2015",74.9
"Hong Kong Special Administrative Region of China","2015-2020",136.1
"Hungary","1950-1955",24.8
"Hungary","1955-1960",-174.3
"Hungary","1960-1965",21.7
"Hungary","1965-1970",15.7
"Hungary","1970-1975",-24.4
"Hungary","1975-1980",13
"Hungary","1980-1985",-115.8
"Hungary","1985-1990",-91.6
"Hungary","1990-1995",100
"Hungary","1995-2000",78.6
"Hungary","2000-2005",61.6
"Hungary","2005-2010",25.1
"Hungary","2010-2015",30
"Hungary","2015-2020",19
"Iceland","1950-1955",-0.4
"Iceland","1955-1960",0.3
"Iceland","1960-1965",-0.7
"Iceland","1965-1970",-2.8
"Iceland","1970-1975",-1.1
"Iceland","1975-1980",-3.9
"Iceland","1980-1985",0.3
"Iceland","1985-1990",0.6
"Iceland","1990-1995",-1.1
"Iceland","1995-2000",1
"Iceland","2000-2005",2.9
"Iceland","2005-2010",12
"Iceland","2010-2015",-2.2
"Iceland","2015-2020",0.3
"India","1950-1955",-105.7
"India","1955-1960",-154
"India","1960-1965",-85.4
"India","1965-1970",-345.2
"India","1970-1975",2143.3
"India","1975-1980",1157.2
"India","1980-1985",583.1
"India","1985-1990",45.1
"India","1990-1995",-552.9
"India","1995-2000",-716.9
"India","2000-2005",-1950.9
"India","2005-2010",-2913.8
"India","2010-2015",-2578.2
"India","2015-2020",-434.8
"Indonesia","1950-1955",-66.6
"Indonesia","1955-1960",-108.5
"Indonesia","1960-1965",-107.5
"Indonesia","1965-1970",-40.3
"Indonesia","1970-1975",-90.4
"Indonesia","1975-1980",-202.7
"Indonesia","1980-1985",-49.6
"Indonesia","1985-1990",-166.7
"Indonesia","1990-1995",-381.8
"Indonesia","1995-2000",-345
"Indonesia","2000-2005",-851.3
"Indonesia","2005-2010",-744.7
"Indonesia","2010-2015",-835
"Indonesia","2015-2020",-336
"Iran (Islamic Republic of)","1950-1955",-1.1
"Iran (Islamic Republic of)","1955-1960",-1.9
"Iran (Islamic Republic of)","1960-1965",-7.8
"Iran (Islamic Republic of)","1965-1970",51.8
"Iran (Islamic Republic of)","1970-1975",77.6
"Iran (Islamic Republic of)","1975-1980",420
"Iran (Islamic Republic of)","1980-1985",2019.4
"Iran (Islamic Republic of)","1985-1990",1344.4
"Iran (Islamic Republic of)","1990-1995",-2096
"Iran (Islamic Republic of)","1995-2000",615.3
"Iran (Islamic Republic of)","2000-2005",-70.3
"Iran (Islamic Republic of)","2005-2010",-549.3
"Iran (Islamic Republic of)","2010-2015",-400
"Iran (Islamic Republic of)","2015-2020",126.2
"Iraq","1950-1955",-0.6
"Iraq","1955-1960",-1.1
"Iraq","1960-1965",-1.9
"Iraq","1965-1970",-6.9
"Iraq","1970-1975",-8.6
"Iraq","1975-1980",-47.8
"Iraq","1980-1985",-199.9
"Iraq","1985-1990",-630.2
"Iraq","1990-1995",-154
"Iraq","1995-2000",-17.9
"Iraq","2000-2005",-266.3
"Iraq","2005-2010",-457.3
"Iraq","2010-2015",463.7
"Iraq","2015-2020",-118.5
"Ireland","1950-1955",-146.3
"Ireland","1955-1960",-207.4
"Ireland","1960-1965",-109.7
"Ireland","1965-1970",-50.9
"Ireland","1970-1975",37.3
"Ireland","1975-1980",53.1
"Ireland","1980-1985",-50.7
"Ireland","1985-1990",-115.2
"Ireland","1990-1995",-10.6
"Ireland","1995-2000",83.4
"Ireland","2000-2005",199.9
"Ireland","2005-2010",198.1
"Ireland","2010-2015",-140
"Ireland","2015-2020",6.6
"Israel","1950-1955",262.2
"Israel","1955-1960",167.6
"Israel","1960-1965",208.8
"Israel","1965-1970",72.4
"Israel","1970-1975",165.9
"Israel","1975-1980",62.5
"Israel","1980-1985",2.6
"Israel","1985-1990",65.4
"Israel","1990-1995",456.9
"Israel","1995-2000",245.3
"Israel","2000-2005",102.9
"Israel","2005-2010",273.6
"Israel","2010-2015",19.5
"Israel","2015-2020",141.1
"Italy","1950-1955",-203.7
"Italy","1955-1960",-559.4
"Italy","1960-1965",-231.6
"Italy","1965-1970",-231.8
"Italy","1970-1975",19.4
"Italy","1975-1980",164.9
"Italy","1980-1985",266.4
"Italy","1985-1990",-10.1
"Italy","1990-1995",152.8
"Italy","1995-2000",224
"Italy","2000-2005",1624.3
"Italy","2005-2010",1006.3
"Italy","2010-2015",264.1
"Italy","2015-2020",262.4
"Jamaica","1950-1955",-36.1
"Jamaica","1955-1960",-146.7
"Jamaica","1960-1965",-144.8
"Jamaica","1965-1970",-151.6
"Jamaica","1970-1975",-92.9
"Jamaica","1975-1980",-101.2
"Jamaica","1980-1985",-73.9
"Jamaica","1985-1990",-146
"Jamaica","1990-1995",-101.2
"Jamaica","1995-2000",-82.8
"Jamaica","2000-2005",-84.6
"Jamaica","2005-2010",-87.4
"Jamaica","2010-2015",-93.1
"Jamaica","2015-2020",-102.3
"Japan","1950-1955",0
"Japan","1955-1960",-100
"Japan","1960-1965",-151.4
"Japan","1965-1970",819.2
"Japan","1970-1975",727.6
"Japan","1975-1980",205
"Japan","1980-1985",50
"Japan","1985-1990",-298.3
"Japan","1990-1995",46.3
"Japan","1995-2000",-100.3
"Japan","2000-2005",164.2
"Japan","2005-2010",277.6
"Japan","2010-2015",358.1
"Japan","2015-2020",172
"Jordan","1950-1955",123.1
"Jordan","1955-1960",119.2
"Jordan","1960-1965",35.7
"Jordan","1965-1970",254.4
"Jordan","1970-1975",-29.7
"Jordan","1975-1980",-80.8
"Jordan","1980-1985",81.7
"Jordan","1985-1990",170.6
"Jordan","1990-1995",412.5
"Jordan","1995-2000",-150.1
"Jordan","2000-2005",-93.9
"Jordan","2005-2010",650
"Jordan","2010-2015",975.3
"Jordan","2015-2020",198.9
"Kazakhstan","1950-1955",565.8
"Kazakhstan","1955-1960",979.9
"Kazakhstan","1960-1965",691.7
"Kazakhstan","1965-1970",173.3
"Kazakhstan","1970-1975",-128.1
"Kazakhstan","1975-1980",-412.1
"Kazakhstan","1980-1985",-429.8
"Kazakhstan","1985-1990",-656.1
"Kazakhstan","1990-1995",-1411.7
"Kazakhstan","1995-2000",-1325
"Kazakhstan","2000-2005",44.5
"Kazakhstan","2005-2010",-35.2
"Kazakhstan","2010-2015",159.8
"Kazakhstan","2015-2020",-284.1
"Kenya","1950-1955",0
"Kenya","1955-1960",0
"Kenya","1960-1965",-20
"Kenya","1965-1970",-19.5
"Kenya","1970-1975",-17.9
"Kenya","1975-1980",-2.9
"Kenya","1980-1985",3.8
"Kenya","1985-1990",5
"Kenya","1990-1995",221.6
"Kenya","1995-2000",-21.4
"Kenya","2000-2005",25.1
"Kenya","2005-2010",-189.3
"Kenya","2010-2015",-50
"Kenya","2015-2020",16.6
"Kiribati","1950-1955",-1.1
"Kiribati","1955-1960",-1.1
"Kiribati","1960-1965",-1.2
"Kiribati","1965-1970",-1.3
"Kiribati","1970-1975",-1.5
"Kiribati","1975-1980",-2.6
"Kiribati","1980-1985",-3.1
"Kiribati","1985-1990",-0.8
"Kiribati","1990-1995",-4.6
"Kiribati","1995-2000",-3
"Kiribati","2000-2005",-2
"Kiribati","2005-2010",-0.6
"Kiribati","2010-2015",-2.1
"Kiribati","2015-2020",-2
"Kuwait","1950-1955",3.8
"Kuwait","1955-1960",52.8
"Kuwait","1960-1965",137
"Kuwait","1965-1970",146.6
"Kuwait","1970-1975",95.8
"Kuwait","1975-1980",141.1
"Kuwait","1980-1985",115.3
"Kuwait","1985-1990",119.8
"Kuwait","1990-1995",-655
"Kuwait","1995-2000",242
"Kuwait","2000-2005",26.5
"Kuwait","2005-2010",479.5
"Kuwait","2010-2015",670
"Kuwait","2015-2020",131.6
"Kyrgyzstan","1950-1955",17.5
"Kyrgyzstan","1955-1960",28.2
"Kyrgyzstan","1960-1965",103.1
"Kyrgyzstan","1965-1970",104.2
"Kyrgyzstan","1970-1975",-12.1
"Kyrgyzstan","1975-1980",-45.8
"Kyrgyzstan","1980-1985",-54.2
"Kyrgyzstan","1985-1990",-126.9
"Kyrgyzstan","1990-1995",-276.2
"Kyrgyzstan","1995-2000",-27.3
"Kyrgyzstan","2000-2005",-172.9
"Kyrgyzstan","2005-2010",-76.6
"Kyrgyzstan","2010-2015",-137.9
"Kyrgyzstan","2015-2020",-63.2
"Lao People's Democratic Republic","1950-1955",0
"Lao People's Democratic Republic","1955-1960",0
"Lao People's Democratic Republic","1960-1965",0.1
"Lao People's Democratic Republic","1965-1970",0
"Lao People's Democratic Republic","1970-1975",0
"Lao People's Democratic Republic","1975-1980",-198.8
"Lao People's Democratic Republic","1980-1985",-35.1
"Lao People's Democratic Republic","1985-1990",0.1
"Lao People's Democratic Republic","1990-1995",-60.6
"Lao People's Democratic Republic","1995-2000",-134.7
"Lao People's Democratic Republic","2000-2005",-148.1
"Lao People's Democratic Republic","2005-2010",-110.3
"Lao People's Democratic Republic","2010-2015",-177.5
"Lao People's Democratic Republic","2015-2020",-76.2
"Latvia","1950-1955",28.7
"Latvia","1955-1960",67
"Latvia","1960-1965",79.7
"Latvia","1965-1970",70.8
"Latvia","1970-1975",54.7
"Latvia","1975-1980",36.3
"Latvia","1980-1985",30.8
"Latvia","1985-1990",41.9
"Latvia","1990-1995",-116.5
"Latvia","1995-2000",-46.6
"Latvia","2000-2005",-72.5
"Latvia","2005-2010",-86.6
"Latvia","2010-2015",-83.3
"Latvia","2015-2020",-9.3
"Lebanon","1950-1955",1.6
"Lebanon","1955-1960",40
"Lebanon","1960-1965",20
"Lebanon","1965-1970",-70
"Lebanon","1970-1975",-10
"Lebanon","1975-1980",-270
"Lebanon","1980-1985",-214.4
"Lebanon","1985-1990",-228
"Lebanon","1990-1995",90
"Lebanon","1995-2000",-29.4
"Lebanon","2000-2005",550.1
"Lebanon","2005-2010",183.4
"Lebanon","2010-2015",1250
"Lebanon","2015-2020",111.7
"Lesotho","1950-1955",-20
"Lesotho","1955-1960",-26
"Lesotho","1960-1965",-25
"Lesotho","1965-1970",-22.4
"Lesotho","1970-1975",-24
"Lesotho","1975-1980",-6.5
"Lesotho","1980-1985",-25.8
"Lesotho","1985-1990",-62.7
"Lesotho","1990-1995",-46.3
"Lesotho","1995-2000",-74.4
"Lesotho","2000-2005",-40
"Lesotho","2005-2010",-40
"Lesotho","2010-2015",-25
"Lesotho","2015-2020",-33.5
"Liberia","1950-1955",0
"Liberia","1955-1960",8
"Liberia","1960-1965",8
"Liberia","1965-1970",8
"Liberia","1970-1975",11
"Liberia","1975-1980",11.9
"Liberia","1980-1985",0
"Liberia","1985-1990",-400
"Liberia","1990-1995",-300
"Liberia","1995-2000",450
"Liberia","2000-2005",-50
"Liberia","2005-2010",175.6
"Liberia","2010-2015",-20
"Liberia","2015-2020",-7.4
"Libyan Arab Jamahiriya","1950-1955",0
"Libyan Arab Jamahiriya","1955-1960",46
"Libyan Arab Jamahiriya","1960-1965",45.9
"Libyan Arab Jamahiriya","1965-1970",48
"Libyan Arab Jamahiriya","1970-1975",58.7
"Libyan Arab Jamahiriya","1975-1980",57.5
"Libyan Arab Jamahiriya","1980-1985",113.4
"Libyan Arab Jamahiriya","1985-1990",5.5
"Libyan Arab Jamahiriya","1990-1995",4
"Libyan Arab Jamahiriya","1995-2000",-57.4
"Libyan Arab Jamahiriya","2000-2005",-20.6
"Libyan Arab Jamahiriya","2005-2010",-118.6
"Libyan Arab Jamahiriya","2010-2015",-433.4
"Libyan Arab Jamahiriya","2015-2020",-27.2
"Lithuania","1950-1955",-73.3
"Lithuania","1955-1960",-24.5
"Lithuania","1960-1965",24.7
"Lithuania","1965-1970",26.3
"Lithuania","1970-1975",37.8
"Lithuania","1975-1980",38.8
"Lithuania","1980-1985",43.8
"Lithuania","1985-1990",36.9
"Lithuania","1990-1995",-100.3
"Lithuania","1995-2000",-93.9
"Lithuania","2000-2005",-99.1
"Lithuania","2005-2010",-150.9
"Lithuania","2010-2015",-146.2
"Lithuania","2015-2020",-35.4
"Luxembourg","1950-1955",5.8
"Luxembourg","1955-1960",4.2
"Luxembourg","1960-1965",8.5
"Luxembourg","1965-1970",5.9
"Luxembourg","1970-1975",15.3
"Luxembourg","1975-1980",11.8
"Luxembourg","1980-1985",2.6
"Luxembourg","1985-1990",12.8
"Luxembourg","1990-1995",20
"Luxembourg","1995-2000",19.9
"Luxembourg","2000-2005",14.5
"Luxembourg","2005-2010",42.3
"Luxembourg","2010-2015",48.7
"Luxembourg","2015-2020",19.4
"Macao Special Administrative Region of China","1950-1955",-32.4
"Macao Special Administrative Region of China","1955-1960",-43.8
"Macao Special Administrative Region of China","1960-1965",19.1
"Macao Special Administrative Region of China","1965-1970",33.6
"Macao Special Administrative Region of China","1970-1975",-11
"Macao Special Administrative Region of China","1975-1980",-10
"Macao Special Administrative Region of China","1980-1985",25.1
"Macao Special Administrative Region of China","1985-1990",33.5
"Macao Special Administrative Region of China","1990-1995",21.8
"Macao Special Administrative Region of China","1995-2000",27.9
"Macao Special Administrative Region of China","2000-2005",46.3
"Macao Special Administrative Region of China","2005-2010",42.4
"Macao Special Administrative Region of China","2010-2015",42.4
"Macao Special Administrative Region of China","2015-2020",22.5
"Madagascar","1950-1955",0
"Madagascar","1955-1960",0
"Madagascar","1960-1965",0
"Madagascar","1965-1970",-8
"Madagascar","1970-1975",-19
"Madagascar","1975-1980",-30
"Madagascar","1980-1985",-10
"Madagascar","1985-1990",-10
"Madagascar","1990-1995",-9.5
"Madagascar","1995-2000",-8.5
"Madagascar","2000-2005",-7.5
"Madagascar","2005-2010",-7.5
"Madagascar","2010-2015",-7.5
"Madagascar","2015-2020",-9.9
"Malawi","1950-1955",-33.3
"Malawi","1955-1960",-42.9
"Malawi","1960-1965",-61.9
"Malawi","1965-1970",-61.9
"Malawi","1970-1975",-52.4
"Malawi","1975-1980",-33.3
"Malawi","1980-1985",-28.6
"Malawi","1985-1990",893.2
"Malawi","1990-1995",-938.9
"Malawi","1995-2000",-36.8
"Malawi","2000-2005",-36.8
"Malawi","2005-2010",-36.8
"Malawi","2010-2015",-30
"Malawi","2015-2020",-35.6
"Malaysia","1950-1955",-21.6
"Malaysia","1955-1960",-56.3
"Malaysia","1960-1965",-48.9
"Malaysia","1965-1970",-134.7
"Malaysia","1970-1975",-131.5
"Malaysia","1975-1980",-7
"Malaysia","1980-1985",-71.4
"Malaysia","1985-1990",435.4
"Malaysia","1990-1995",298.8
"Malaysia","1995-2000",494.7
"Malaysia","2000-2005",645.5
"Malaysia","2005-2010",711.3
"Malaysia","2010-2015",781.6
"Malaysia","2015-2020",268.3
"Maldives","1950-1955",0
"Maldives","1955-1960",-0.1
"Maldives","1960-1965",-0.6
"Maldives","1965-1970",-2.9
"Maldives","1970-1975",2.4
"Maldives","1975-1980",0
"Maldives","1980-1985",0
"Maldives","1985-1990",-2.6
"Maldives","1990-1995",-3.1
"Maldives","1995-2000",-1.1
"Maldives","2000-2005",13.8
"Maldives","2005-2010",18
"Maldives","2010-2015",21.9
"Maldives","2015-2020",4.1
"Mali","1950-1955",-35
"Mali","1955-1960",-49.1
"Mali","1960-1965",-70.2
"Mali","1965-1970",-98.2
"Mali","1970-1975",-95.6
"Mali","1975-1980",-175
"Mali","1980-1985",-218.1
"Mali","1985-1990",-480.7
"Mali","1990-1995",-173.5
"Mali","1995-2000",-141.9
"Mali","2000-2005",-67.1
"Mali","2005-2010",-100.8
"Mali","2010-2015",-302.4
"Mali","2015-2020",-166.9
"Malta","1950-1955",-29.2
"Malta","1955-1960",-27.7
"Malta","1960-1965",-11.7
"Malta","1965-1970",-12.6
"Malta","1970-1975",-9.7
"Malta","1975-1980",-4.8
"Malta","1980-1985",2.9
"Malta","1985-1990",1.2
"Malta","1990-1995",3.8
"Malta","1995-2000",6.4
"Malta","2000-2005",5.5
"Malta","2005-2010",6.6
"Malta","2010-2015",9.4
"Malta","2015-2020",-0.3
"Martinique","1950-1955",-8
"Martinique","1955-1960",0
"Martinique","1960-1965",-8.2
"Martinique","1965-1970",-23.1
"Martinique","1970-1975",-27.1
"Martinique","1975-1980",-20.7
"Martinique","1980-1985",-1.6
"Martinique","1985-1990",-0.2
"Martinique","1990-1995",-6.7
"Martinique","1995-2000",2.5
"Martinique","2000-2005",-4
"Martinique","2005-2010",-14.1
"Martinique","2010-2015",-16.8
"Martinique","2015-2020",-11
"Mauritania","1950-1955",-1.3
"Mauritania","1955-1960",-1.6
"Mauritania","1960-1965",-1.8
"Mauritania","1965-1970",-2.8
"Mauritania","1970-1975",-6
"Mauritania","1975-1980",-9.7
"Mauritania","1980-1985",-16.1
"Mauritania","1985-1990",-30.3
"Mauritania","1990-1995",-30
"Mauritania","1995-2000",13
"Mauritania","2000-2005",7
"Mauritania","2005-2010",10
"Mauritania","2010-2015",40
"Mauritania","2015-2020",-2
"Mauritius","1950-1955",2.7
"Mauritius","1955-1960",-8.1
"Mauritius","1960-1965",-30.9
"Mauritius","1965-1970",-29.2
"Mauritius","1970-1975",-20.5
"Mauritius","1975-1980",-20.6
"Mauritius","1980-1985",-21.6
"Mauritius","1985-1990",-36
"Mauritius","1990-1995",-5.6
"Mauritius","1995-2000",-8.9
"Mauritius","2000-2005",-19.4
"Mauritius","2005-2010",-12.1
"Mauritius","2010-2015",-12.1
"Mauritius","2015-2020",-19.2
"Mayotte","1950-1955",2.6
"Mayotte","1955-1960",2.5
"Mayotte","1960-1965",2.3
"Mayotte","1965-1970",0.5
"Mayotte","1970-1975",0.5
"Mayotte","1975-1980",-1
"Mayotte","1980-1985",3.8
"Mayotte","1985-1990",6.1
"Mayotte","1990-1995",10.7
"Mayotte","1995-2000",4.7
"Mayotte","2000-2005",0.2
"Mayotte","2005-2010",-2
"Mayotte","2010-2015",-1.5
"Mayotte","2015-2020",2.2
"Mexico","1950-1955",-200
"Mexico","1955-1960",-290
"Mexico","1960-1965",-411
"Mexico","1965-1970",-620
"Mexico","1970-1975",-900
"Mexico","1975-1980",-1187
"Mexico","1980-1985",-1519
"Mexico","1985-1990",-1786
"Mexico","1990-1995",-1302.9
"Mexico","1995-2000",-2354.7
"Mexico","2000-2005",-2911.4
"Mexico","2005-2010",-246
"Mexico","2010-2015",-300
"Mexico","2015-2020",-1220.6
"Micronesia (Federated States of)","1950-1955",0
"Micronesia (Federated States of)","1955-1960",0
"Micronesia (Federated States of)","1960-1965",0
"Micronesia (Federated States of)","1965-1970",0
"Micronesia (Federated States of)","1970-1975",-8
"Micronesia (Federated States of)","1975-1980",-0.5
"Micronesia (Federated States of)","1980-1985",0
"Micronesia (Federated States of)","1985-1990",-2.5
"Micronesia (Federated States of)","1990-1995",-2.2
"Micronesia (Federated States of)","1995-2000",-13.6
"Micronesia (Federated States of)","2000-2005",-12.8
"Micronesia (Federated States of)","2005-2010",-12.1
"Micronesia (Federated States of)","2010-2015",-8.2
"Micronesia (Federated States of)","2015-2020",-5.1
"Mongolia","1950-1955",0
"Mongolia","1955-1960",0
"Mongolia","1960-1965",0
"Mongolia","1965-1970",0
"Mongolia","1970-1975",0
"Mongolia","1975-1980",0
"Mongolia","1980-1985",0
"Mongolia","1985-1990",0
"Mongolia","1990-1995",-88.4
"Mongolia","1995-2000",-52.5
"Mongolia","2000-2005",-15
"Mongolia","2005-2010",-15
"Mongolia","2010-2015",-15
"Mongolia","2015-2020",-16.5
"Montenegro","1950-1955",10
"Montenegro","1955-1960",-2
"Montenegro","1960-1965",-2
"Montenegro","1965-1970",-53.8
"Montenegro","1970-1975",-2
"Montenegro","1975-1980",-7.4
"Montenegro","1980-1985",-2
"Montenegro","1985-1990",-30
"Montenegro","1990-1995",-20.2
"Montenegro","1995-2000",-21.6
"Montenegro","2000-2005",-8
"Montenegro","2005-2010",-0.7
"Montenegro","2010-2015",-3.1
"Montenegro","2015-2020",-3.2
"Morocco","1950-1955",0
"Morocco","1955-1960",-13
"Morocco","1960-1965",-240.9
"Morocco","1965-1970",-477.8
"Morocco","1970-1975",-497.7
"Morocco","1975-1980",-293.3
"Morocco","1980-1985",-320.7
"Morocco","1985-1990",-418.6
"Morocco","1990-1995",-466.6
"Morocco","1995-2000",-559.4
"Morocco","2000-2005",-654.8
"Morocco","2005-2010",-565.1
"Morocco","2010-2015",-307.1
"Morocco","2015-2020",-428.6
"Mozambique","1950-1955",-23.5
"Mozambique","1955-1960",-23.5
"Mozambique","1960-1965",-23.5
"Mozambique","1965-1970",-23.5
"Mozambique","1970-1975",-23.5
"Mozambique","1975-1980",87.4
"Mozambique","1980-1985",-373.4
"Mozambique","1985-1990",-1300
"Mozambique","1990-1995",650
"Mozambique","1995-2000",-50
"Mozambique","2000-2005",30
"Mozambique","2005-2010",-40
"Mozambique","2010-2015",-25
"Mozambique","2015-2020",-87.5
"Myanmar","1950-1955",0
"Myanmar","1955-1960",0
"Myanmar","1960-1965",0
"Myanmar","1965-1970",0
"Myanmar","1970-1975",0
"Myanmar","1975-1980",0
"Myanmar","1980-1985",-54.7
"Myanmar","1985-1990",-200
"Myanmar","1990-1995",-700
"Myanmar","1995-2000",-538
"Myanmar","2000-2005",-1247.7
"Myanmar","2005-2010",-1466.8
"Myanmar","2010-2015",-474.3
"Myanmar","2015-2020",-412
"Namibia","1950-1955",0
"Namibia","1955-1960",0
"Namibia","1960-1965",0
"Namibia","1965-1970",-0.9
"Namibia","1970-1975",-2.8
"Namibia","1975-1980",-44.6
"Namibia","1980-1985",-29.1
"Namibia","1985-1990",74.8
"Namibia","1990-1995",23.5
"Namibia","1995-2000",35.5
"Namibia","2000-2005",-50
"Namibia","2005-2010",-50
"Namibia","2010-2015",-1.4
"Namibia","2015-2020",-3.4
"Nepal","1950-1955",-40.6
"Nepal","1955-1960",-80.2
"Nepal","1960-1965",-70
"Nepal","1965-1970",-21.1
"Nepal","1970-1975",-5.8
"Nepal","1975-1980",-41
"Nepal","1980-1985",-101.1
"Nepal","1985-1990",-216.4
"Nepal","1990-1995",76.1
"Nepal","1995-2000",-464.7
"Nepal","2000-2005",-797.8
"Nepal","2005-2010",-1023.9
"Nepal","2010-2015",-372.4
"Nepal","2015-2020",-267.2
"Netherlands","1950-1955",-84.9
"Netherlands","1955-1960",-22.2
"Netherlands","1960-1965",11.6
"Netherlands","1965-1970",54.6
"Netherlands","1970-1975",186.7
"Netherlands","1975-1980",145.8
"Netherlands","1980-1985",71.5
"Netherlands","1985-1990",139.7
"Netherlands","1990-1995",186.4
"Netherlands","1995-2000",178.6
"Netherlands","2000-2005",146
"Netherlands","2005-2010",65.7
"Netherlands","2010-2015",62.7
"Netherlands","2015-2020",106.3
"New Caledonia","1950-1955",-3.5
"New Caledonia","1955-1960",2.5
"New Caledonia","1960-1965",3.3
"New Caledonia","1965-1970",1.4
"New Caledonia","1970-1975",8.2
"New Caledonia","1975-1980",0
"New Caledonia","1980-1985",-3.3
"New Caledonia","1985-1990",-0.5
"New Caledonia","1990-1995",4.4
"New Caledonia","1995-2000",6.1
"New Caledonia","2000-2005",4.8
"New Caledonia","2005-2010",4.2
"New Caledonia","2010-2015",5.7
"New Caledonia","2015-2020",3.1
"New Zealand","1950-1955",62.4
"New Zealand","1955-1960",38.9
"New Zealand","1960-1965",54.4
"New Zealand","1965-1970",-2.6
"New Zealand","1970-1975",76.7
"New Zealand","1975-1980",-74.8
"New Zealand","1980-1985",-2.9
"New Zealand","1985-1990",-9.4
"New Zealand","1990-1995",118
"New Zealand","1995-2000",42.6
"New Zealand","2000-2005",134.6
"New Zealand","2005-2010",62.4
"New Zealand","2010-2015",90.9
"New Zealand","2015-2020",42.1
"Nicaragua","1950-1955",-10.8
"Nicaragua","1955-1960",-11
"Nicaragua","1960-1965",-14
"Nicaragua","1965-1970",-19
"Nicaragua","1970-1975",-38
"Nicaragua","1975-1980",-58
"Nicaragua","1980-1985",-110
"Nicaragua","1985-1990",-150
"Nicaragua","1990-1995",-120
"Nicaragua","1995-2000",-145
"Nicaragua","2000-2005",-174
"Nicaragua","2005-2010",-155
"Nicaragua","2010-2015",-135
"Nicaragua","2015-2020",-99.6
"Niger","1950-1955",5
"Niger","1955-1960",-25.1
"Niger","1960-1965",-11.5
"Niger","1965-1970",-11.5
"Niger","1970-1975",-13.8
"Niger","1975-1980",-18.1
"Niger","1980-1985",-92.9
"Niger","1985-1990",-91.9
"Niger","1990-1995",-2.7
"Niger","1995-2000",24.1
"Niger","2000-2005",-28.5
"Niger","2005-2010",-28.5
"Niger","2010-2015",-28.5
"Niger","2015-2020",-25.8
"Nigeria","1950-1955",3.4
"Nigeria","1955-1960",2.7
"Nigeria","1960-1965",1
"Nigeria","1965-1970",-43.3
"Nigeria","1970-1975",-38.5
"Nigeria","1975-1980",854.6
"Nigeria","1980-1985",-671.6
"Nigeria","1985-1990",-91.4
"Nigeria","1990-1995",-95.8
"Nigeria","1995-2000",-95
"Nigeria","2000-2005",-170
"Nigeria","2005-2010",-300
"Nigeria","2010-2015",-300
"Nigeria","2015-2020",-73.8
"Norway","1950-1955",-4
"Norway","1955-1960",-9.4
"Norway","1960-1965",-2.3
"Norway","1965-1970",4.2
"Norway","1970-1975",15.9
"Norway","1975-1980",20.7
"Norway","1980-1985",24.8
"Norway","1985-1990",38.7
"Norway","1990-1995",46.9
"Norway","1995-2000",58.8
"Norway","2000-2005",67.4
"Norway","2005-2010",163.4
"Norway","2010-2015",221.8
"Norway","2015-2020",61.7
"Occupied Palestinian Territory","1950-1955",-68.8
"Occupied Palestinian Territory","1955-1960",-68
"Occupied Palestinian Territory","1960-1965",-77.6
"Occupied Palestinian Territory","1965-1970",-283.6
"Occupied Palestinian Territory","1970-1975",-32.2
"Occupied Palestinian Territory","1975-1980",-83.7
"Occupied Palestinian Territory","1980-1985",-61.4
"Occupied Palestinian Territory","1985-1990",-39.4
"Occupied Palestinian Territory","1990-1995",35
"Occupied Palestinian Territory","1995-2000",70
"Occupied Palestinian Territory","2000-2005",-190
"Occupied Palestinian Territory","2005-2010",-90
"Occupied Palestinian Territory","2010-2015",-43.8
"Occupied Palestinian Territory","2015-2020",-69.2
"Oman","1950-1955",-10
"Oman","1955-1960",-10
"Oman","1960-1965",-10
"Oman","1965-1970",-5
"Oman","1970-1975",25.5
"Oman","1975-1980",76.4
"Oman","1980-1985",81.5
"Oman","1985-1990",11.2
"Oman","1990-1995",104.7
"Oman","1995-2000",-193.4
"Oman","2000-2005",15
"Oman","2005-2010",267
"Oman","2010-2015",817.5
"Oman","2015-2020",108.7
"Pakistan","1950-1955",-8.3
"Pakistan","1955-1960",-16.7
"Pakistan","1960-1965",-93.3
"Pakistan","1965-1970",-210
"Pakistan","1970-1975",-138.1
"Pakistan","1975-1980",700
"Pakistan","1980-1985",1395.2
"Pakistan","1985-1990",139.8
"Pakistan","1990-1995",-1003.7
"Pakistan","1995-2000",-728.6
"Pakistan","2000-2005",-671.5
"Pakistan","2005-2010",-1396.4
"Pakistan","2010-2015",-1181.9
"Pakistan","2015-2020",-277.5
"Panama","1950-1955",-14.1
"Panama","1955-1960",-12.3
"Panama","1960-1965",-11.9
"Panama","1965-1970",-12.7
"Panama","1970-1975",-12.3
"Panama","1975-1980",-14.1
"Panama","1980-1985",-12.7
"Panama","1985-1990",-9.4
"Panama","1990-1995",2
"Panama","1995-2000",9.8
"Panama","2000-2005",16.1
"Panama","2005-2010",22.2
"Panama","2010-2015",28.1
"Panama","2015-2020",0.3
"Papua New Guinea","1950-1955",-2
"Papua New Guinea","1955-1960",-7
"Papua New Guinea","1960-1965",-6
"Papua New Guinea","1965-1970",2
"Papua New Guinea","1970-1975",-5
"Papua New Guinea","1975-1980",-4
"Papua New Guinea","1980-1985",-3
"Papua New Guinea","1985-1990",-2
"Papua New Guinea","1990-1995",-2
"Papua New Guinea","1995-2000",-2
"Papua New Guinea","2000-2005",-1
"Papua New Guinea","2005-2010",-1
"Papua New Guinea","2010-2015",-1
"Papua New Guinea","2015-2020",-2.1
"Paraguay","1950-1955",-79
"Paraguay","1955-1960",-74.6
"Paraguay","1960-1965",-70.6
"Paraguay","1965-1970",-65.8
"Paraguay","1970-1975",-58.8
"Paraguay","1975-1980",-46.3
"Paraguay","1980-1985",-21.2
"Paraguay","1985-1990",-17.2
"Paraguay","1990-1995",-31
"Paraguay","1995-2000",-43.9
"Paraguay","2000-2005",-46.9
"Paraguay","2005-2010",-117.3
"Paraguay","2010-2015",-86.7
"Paraguay","2015-2020",-54.2
"Peru","1950-1955",-16.5
"Peru","1955-1960",-22
"Peru","1960-1965",-30
"Peru","1965-1970",-50
"Peru","1970-1975",-88
"Peru","1975-1980",-99
"Peru","1980-1985",-118
"Peru","1985-1990",-185
"Peru","1990-1995",-294
"Peru","1995-2000",-540
"Peru","2000-2005",-635
"Peru","2005-2010",-490
"Peru","2010-2015",-240
"Peru","2015-2020",-249.4
"Philippines","1950-1955",0.5
"Philippines","1955-1960",1
"Philippines","1960-1965",0.4
"Philippines","1965-1970",-271.8
"Philippines","1970-1975",-237.7
"Philippines","1975-1980",-313.6
"Philippines","1980-1985",-176.7
"Philippines","1985-1990",-298.8
"Philippines","1990-1995",-504.9
"Philippines","1995-2000",-765.6
"Philippines","2000-2005",-1097.4
"Philippines","2005-2010",-1500
"Philippines","2010-2015",-650
"Philippines","2015-2020",-516.9
"Poland","1950-1955",0
"Poland","1955-1960",-270.4
"Poland","1960-1965",-62.5
"Poland","1965-1970",-143.1
"Poland","1970-1975",-170.9
"Poland","1975-1980",-106.6
"Poland","1980-1985",-119.2
"Poland","1985-1990",-305
"Poland","1990-1995",-160
"Poland","1995-2000",-85.2
"Poland","2000-2005",-183.5
"Poland","2005-2010",-178.5
"Poland","2010-2015",-74
"Poland","2015-2020",-148
"Portugal","1950-1955",-265.1
"Portugal","1955-1960",-329.4
"Portugal","1960-1965",-547.9
"Portugal","1965-1970",-701.6
"Portugal","1970-1975",108.2
"Portugal","1975-1980",198.6
"Portugal","1980-1985",-66.9
"Portugal","1985-1990",-147.9
"Portugal","1990-1995",149.1
"Portugal","1995-2000",173.6
"Portugal","2000-2005",178.4
"Portugal","2005-2010",92.1
"Portugal","2010-2015",-140
"Portugal","2015-2020",-73.7
"Puerto Rico","1950-1955",-289.7
"Puerto Rico","1955-1960",-209.5
"Puerto Rico","1960-1965",-91.6
"Puerto Rico","1965-1970",-134.3
"Puerto Rico","1970-1975",-41
"Puerto Rico","1975-1980",-19.6
"Puerto Rico","1980-1985",-48.4
"Puerto Rico","1985-1990",-55.2
"Puerto Rico","1990-1995",-0.3
"Puerto Rico","1995-2000",-30.4
"Puerto Rico","2000-2005",-145.7
"Puerto Rico","2005-2010",-138
"Puerto Rico","2010-2015",-103.5
"Puerto Rico","2015-2020",-74
"Qatar","1950-1955",5.7
"Qatar","1955-1960",4.6
"Qatar","1960-1965",16.4
"Qatar","1965-1970",21.1
"Qatar","1970-1975",34.4
"Qatar","1975-1980",28.4
"Qatar","1980-1985",102.1
"Qatar","1985-1990",57.5
"Qatar","1990-1995",-10.1
"Qatar","1995-2000",29.5
"Qatar","2000-2005",213.9
"Qatar","2005-2010",841.3
"Qatar","2010-2015",602
"Qatar","2015-2020",171
"Republic of Korea","1950-1955",0
"Republic of Korea","1955-1960",419.3
"Republic of Korea","1960-1965",39.8
"Republic of Korea","1965-1970",-48.6
"Republic of Korea","1970-1975",-209.9
"Republic of Korea","1975-1980",-165.1
"Republic of Korea","1980-1985",93
"Republic of Korea","1985-1990",170.6
"Republic of Korea","1990-1995",71.5
"Republic of Korea","1995-2000",159.3
"Republic of Korea","2000-2005",81.3
"Republic of Korea","2005-2010",-156.5
"Republic of Korea","2010-2015",169.6
"Republic of Korea","2015-2020",14.7
"Republic of Moldova","1950-1955",90.1
"Republic of Moldova","1955-1960",140.7
"Republic of Moldova","1960-1965",100.9
"Republic of Moldova","1965-1970",74.4
"Republic of Moldova","1970-1975",55.8
"Republic of Moldova","1975-1980",-26.4
"Republic of Moldova","1980-1985",-9.2
"Republic of Moldova","1985-1990",-84.5
"Republic of Moldova","1990-1995",-132
"Republic of Moldova","1995-2000",-165.3
"Republic of Moldova","2000-2005",-12.1
"Republic of Moldova","2005-2010",-47.9
"Republic of Moldova","2010-2015",-9.5
"Republic of Moldova","2015-2020",-22
"Reunion","1950-1955",2.5
"Reunion","1955-1960",-3.9
"Reunion","1960-1965",-2.4
"Reunion","1965-1970",12.3
"Reunion","1970-1975",-23.7
"Reunion","1975-1980",-18
"Reunion","1980-1985",3.1
"Reunion","1985-1990",-2
"Reunion","1990-1995",9.6
"Reunion","1995-2000",9.7
"Reunion","2000-2005",-0.9
"Reunion","2005-2010",-12.4
"Reunion","2010-2015",-14.1
"Reunion","2015-2020",-3.6
"Romania","1950-1955",-2
"Romania","1955-1960",-2
"Romania","1960-1965",-2
"Romania","1965-1970",-2
"Romania","1970-1975",-2
"Romania","1975-1980",-100
"Romania","1980-1985",-200
"Romania","1985-1990",-200
"Romania","1990-1995",-520
"Romania","1995-2000",-610
"Romania","2000-2005",-468.2
"Romania","2005-2010",-774.7
"Romania","2010-2015",-300
"Romania","2015-2020",-289.2
"Russian Federation","1950-1955",32.8
"Russian Federation","1955-1960",-1213.5
"Russian Federation","1960-1965",-1394.3
"Russian Federation","1965-1970",-553.2
"Russian Federation","1970-1975",-290.3
"Russian Federation","1975-1980",639.8
"Russian Federation","1980-1985",1107
"Russian Federation","1985-1990",906.6
"Russian Federation","1990-1995",2519.7
"Russian Federation","1995-2000",2308.2
"Russian Federation","2000-2005",1735.3
"Russian Federation","2005-2010",2157.3
"Russian Federation","2010-2015",1017.9
"Russian Federation","2015-2020",914.5
"Rwanda","1950-1955",0
"Rwanda","1955-1960",0
"Rwanda","1960-1965",-140
"Rwanda","1965-1970",20
"Rwanda","1970-1975",-20
"Rwanda","1975-1980",-20
"Rwanda","1980-1985",-50
"Rwanda","1985-1990",30
"Rwanda","1990-1995",-1347.9
"Rwanda","1995-2000",1210.1
"Rwanda","2000-2005",-72.6
"Rwanda","2005-2010",-79.1
"Rwanda","2010-2015",-79.1
"Rwanda","2015-2020",-45.3
"Saint Lucia","1950-1955",-9.1
"Saint Lucia","1955-1960",-12.4
"Saint Lucia","1960-1965",-9.4
"Saint Lucia","1965-1970",-7.7
"Saint Lucia","1970-1975",-9.6
"Saint Lucia","1975-1980",-8.9
"Saint Lucia","1980-1985",-8.1
"Saint Lucia","1985-1990",-4.3
"Saint Lucia","1990-1995",-4.8
"Saint Lucia","1995-2000",-0.9
"Saint Lucia","2000-2005",-0.2
"Saint Lucia","2005-2010",2.8
"Saint Lucia","2010-2015",0
"Saint Lucia","2015-2020",-4.5
"Saint Vincent and the Grenadines","1950-1955",-4.9
"Saint Vincent and the Grenadines","1955-1960",-5.7
"Saint Vincent and the Grenadines","1960-1965",-9.3
"Saint Vincent and the Grenadines","1965-1970",-10
"Saint Vincent and the Grenadines","1970-1975",-8.8
"Saint Vincent and the Grenadines","1975-1980",-7.3
"Saint Vincent and the Grenadines","1980-1985",-7.3
"Saint Vincent and the Grenadines","1985-1990",-7.1
"Saint Vincent and the Grenadines","1990-1995",-8.7
"Saint Vincent and the Grenadines","1995-2000",-7.9
"Saint Vincent and the Grenadines","2000-2005",-5.2
"Saint Vincent and the Grenadines","2005-2010",-5.1
"Saint Vincent and the Grenadines","2010-2015",-5
"Saint Vincent and the Grenadines","2015-2020",-6.9
"Samoa","1950-1955",-2.8
"Samoa","1955-1960",-2.4
"Samoa","1960-1965",-1.5
"Samoa","1965-1970",-5
"Samoa","1970-1975",-13.3
"Samoa","1975-1980",-17.6
"Samoa","1980-1985",-17.4
"Samoa","1985-1990",-18.7
"Samoa","1990-1995",-13.7
"Samoa","1995-2000",-17.3
"Samoa","2000-2005",-15.7
"Samoa","2005-2010",-15.4
"Samoa","2010-2015",-12.7
"Samoa","2015-2020",-12.5
"Sao Tome and Principe","1950-1955",-9.1
"Sao Tome and Principe","1955-1960",-3.5
"Sao Tome and Principe","1960-1965",-9.2
"Sao Tome and Principe","1965-1970",-0.7
"Sao Tome and Principe","1970-1975",-2.5
"Sao Tome and Principe","1975-1980",-1.2
"Sao Tome and Principe","1980-1985",-6
"Sao Tome and Principe","1985-1990",-6
"Sao Tome and Principe","1990-1995",-5.6
"Sao Tome and Principe","1995-2000",-8.3
"Sao Tome and Principe","2000-2005",-5.6
"Sao Tome and Principe","2005-2010",-5.6
"Sao Tome and Principe","2010-2015",-5.6
"Sao Tome and Principe","2015-2020",-4.9
"Saudi Arabia","1950-1955",26.3
"Saudi Arabia","1955-1960",26
"Saudi Arabia","1960-1965",126
"Saudi Arabia","1965-1970",187
"Saudi Arabia","1970-1975",491.9
"Saudi Arabia","1975-1980",821.3
"Saudi Arabia","1980-1985",1391.6
"Saudi Arabia","1985-1990",730
"Saudi Arabia","1990-1995",-110
"Saudi Arabia","1995-2000",-350
"Saudi Arabia","2000-2005",730
"Saudi Arabia","2005-2010",995
"Saudi Arabia","2010-2015",1590
"Saudi Arabia","2015-2020",611.8
"Senegal","1950-1955",33
"Senegal","1955-1960",44
"Senegal","1960-1965",50
"Senegal","1965-1970",86.5
"Senegal","1970-1975",65.6
"Senegal","1975-1980",-134.8
"Senegal","1980-1985",-85.1
"Senegal","1985-1990",-60.3
"Senegal","1990-1995",-70
"Senegal","1995-2000",-209.9
"Senegal","2000-2005",-151.1
"Senegal","2005-2010",-166.1
"Senegal","2010-2015",-100
"Senegal","2015-2020",-68
"Serbia","1950-1955",35.2
"Serbia","1955-1960",-50.1
"Serbia","1960-1965",-88.1
"Serbia","1965-1970",-89.7
"Serbia","1970-1975",-20.7
"Serbia","1975-1980",7.7
"Serbia","1980-1985",-10.4
"Serbia","1985-1990",-27.5
"Serbia","1990-1995",178.3
"Serbia","1995-2000",-495.9
"Serbia","2000-2005",-276.3
"Serbia","2005-2010",-116.4
"Serbia","2010-2015",-100
"Serbia","2015-2020",-99.1
"Seychelles","1950-1955",-1.9
"Seychelles","1955-1960",-2.2
"Seychelles","1960-1965",-0.9
"Seychelles","1965-1970",-1
"Seychelles","1970-1975",0.2
"Seychelles","1975-1980",-0.2
"Seychelles","1980-1985",-3.1
"Seychelles","1985-1990",-5.3
"Seychelles","1990-1995",0.6
"Seychelles","1995-2000",-0.1
"Seychelles","2000-2005",2.5
"Seychelles","2005-2010",-2.5
"Seychelles","2010-2015",-2.2
"Seychelles","2015-2020",-1
"Sierra Leone","1950-1955",0
"Sierra Leone","1955-1960",0
"Sierra Leone","1960-1965",0
"Sierra Leone","1965-1970",0
"Sierra Leone","1970-1975",0
"Sierra Leone","1975-1980",0
"Sierra Leone","1980-1985",0
"Sierra Leone","1985-1990",62.7
"Sierra Leone","1990-1995",-450
"Sierra Leone","1995-2000",-150
"Sierra Leone","2000-2005",500
"Sierra Leone","2005-2010",60
"Sierra Leone","2010-2015",-21
"Sierra Leone","2015-2020",3.3
"Singapore","1950-1955",65.5
"Singapore","1955-1960",68
"Singapore","1960-1965",0.4
"Singapore","1965-1970",-0.4
"Singapore","1970-1975",5.9
"Singapore","1975-1980",14.3
"Singapore","1980-1985",137.8
"Singapore","1985-1990",119.8
"Singapore","1990-1995",248.9
"Singapore","1995-2000",255.2
"Singapore","2000-2005",435.6
"Singapore","2005-2010",449.2
"Singapore","2010-2015",337.9
"Singapore","2015-2020",178.9
"Slovakia","1950-1955",68.5
"Slovakia","1955-1960",18
"Slovakia","1960-1965",-26.4
"Slovakia","1965-1970",-57.8
"Slovakia","1970-1975",-15.3
"Slovakia","1975-1980",-9.7
"Slovakia","1980-1985",-34.8
"Slovakia","1985-1990",-35.3
"Slovakia","1990-1995",-15.1
"Slovakia","1995-2000",-3
"Slovakia","2000-2005",1.2
"Slovakia","2005-2010",-8.9
"Slovakia","2010-2015",11.3
"Slovakia","2015-2020",-17.4
"Slovenia","1950-1955",-20
"Slovenia","1955-1960",-9.7
"Slovenia","1960-1965",-22.1
"Slovenia","1965-1970",-14.9
"Slovenia","1970-1975",17.9
"Slovenia","1975-1980",34.7
"Slovenia","1980-1985",68.4
"Slovenia","1985-1990",32.6
"Slovenia","1990-1995",-17.5
"Slovenia","1995-2000",1.5
"Slovenia","2000-2005",15
"Slovenia","2005-2010",39.3
"Slovenia","2010-2015",16.6
"Slovenia","2015-2020",19.9
"Solomon Islands","1950-1955",1.8
"Solomon Islands","1955-1960",2.6
"Solomon Islands","1960-1965",2.3
"Solomon Islands","1965-1970",2.2
"Solomon Islands","1970-1975",2.1
"Solomon Islands","1975-1980",0.2
"Solomon Islands","1980-1985",0
"Solomon Islands","1985-1990",-1.8
"Solomon Islands","1990-1995",-1
"Solomon Islands","1995-2000",-0.7
"Solomon Islands","2000-2005",-4.9
"Solomon Islands","2005-2010",-11.9
"Solomon Islands","2010-2015",-11.9
"Solomon Islands","2015-2020",-2.2
"Somalia","1950-1955",0
"Somalia","1955-1960",-1.3
"Somalia","1960-1965",-1.3
"Somalia","1965-1970",1.9
"Somalia","1970-1975",0
"Somalia","1975-1980",1870.4
"Somalia","1980-1985",-400.9
"Somalia","1985-1990",-399.7
"Somalia","1990-1995",-806.2
"Somalia","1995-2000",-101.7
"Somalia","2000-2005",-183.1
"Somalia","2005-2010",-186.2
"Somalia","2010-2015",-226.9
"Somalia","2015-2020",-31.2
"South Africa","1950-1955",7.5
"South Africa","1955-1960",14.9
"South Africa","1960-1965",106.5
"South Africa","1965-1970",198.5
"South Africa","1970-1975",226.6
"South Africa","1975-1980",73.3
"South Africa","1980-1985",181
"South Africa","1985-1990",-129.1
"South Africa","1990-1995",739.5
"South Africa","1995-2000",313.5
"South Africa","2000-2005",596
"South Africa","2005-2010",627.5
"South Africa","2010-2015",806.5
"South Africa","2015-2020",345.5
"South Sudan","1950-1955",0
"South Sudan","1955-1960",0
"South Sudan","1960-1965",0
"South Sudan","1965-1970",0
"South Sudan","1970-1975",25
"South Sudan","1975-1980",60
"South Sudan","1980-1985",150
"South Sudan","1985-1990",-405
"South Sudan","1990-1995",-1076
"South Sudan","1995-2000",400
"South Sudan","2000-2005",432
"South Sudan","2005-2010",785
"South Sudan","2010-2015",425
"South Sudan","2015-2020",422.9
"Spain","1950-1955",-435.5
"Spain","1955-1960",-459
"Spain","1960-1965",-193.8
"Spain","1965-1970",-145.9
"Spain","1970-1975",97
"Spain","1975-1980",76.9
"Spain","1980-1985",-43.3
"Spain","1985-1990",-67.7
"Spain","1990-1995",319.3
"Spain","1995-2000",905
"Spain","2000-2005",2838.2
"Spain","2005-2010",2259
"Spain","2010-2015",-570
"Spain","2015-2020",485
"Sri Lanka","1950-1955",-16.5
"Sri Lanka","1955-1960",-75
"Sri Lanka","1960-1965",-47.5
"Sri Lanka","1965-1970",-38.5
"Sri Lanka","1970-1975",-145
"Sri Lanka","1975-1980",-237.5
"Sri Lanka","1980-1985",-395.5
"Sri Lanka","1985-1990",-137.4
"Sri Lanka","1990-1995",-255.8
"Sri Lanka","1995-2000",-461.7
"Sri Lanka","2000-2005",-449.5
"Sri Lanka","2005-2010",-520.1
"Sri Lanka","2010-2015",-484.8
"Sri Lanka","2015-2020",-281.4
"Sudan","1950-1955",0
"Sudan","1955-1960",0
"Sudan","1960-1965",0
"Sudan","1965-1970",0
"Sudan","1970-1975",20
"Sudan","1975-1980",180
"Sudan","1980-1985",220
"Sudan","1985-1990",150
"Sudan","1990-1995",653.5
"Sudan","1995-2000",-633
"Sudan","2000-2005",-546
"Sudan","2005-2010",-1078.1
"Sudan","2010-2015",-589.4
"Sudan","2015-2020",-565.9
"Suriname","1950-1955",-3.4
"Suriname","1955-1960",-5.4
"Suriname","1960-1965",-11.1
"Suriname","1965-1970",-13.9
"Suriname","1970-1975",-56.8
"Suriname","1975-1980",-40.4
"Suriname","1980-1985",-31.8
"Suriname","1985-1990",-4.8
"Suriname","1990-1995",-5.2
"Suriname","1995-2000",-10.2
"Suriname","2000-2005",-9.1
"Suriname","2005-2010",-6.5
"Suriname","2010-2015",-5
"Suriname","2015-2020",-16.9
"Swaziland","1950-1955",-2.8
"Swaziland","1955-1960",-2
"Swaziland","1960-1965",-9.9
"Swaziland","1965-1970",-9.5
"Swaziland","1970-1975",-7.9
"Swaziland","1975-1980",-9.5
"Swaziland","1980-1985",-14.5
"Swaziland","1985-1990",17.1
"Swaziland","1990-1995",-38.2
"Swaziland","1995-2000",-12
"Swaziland","2000-2005",-46.1
"Swaziland","2005-2010",-6
"Swaziland","2010-2015",-6
"Swaziland","2015-2020",-12.1
"Sweden","1950-1955",52.1
"Sweden","1955-1960",47.3
"Sweden","1960-1965",80.4
"Sweden","1965-1970",131
"Sweden","1970-1975",18.8
"Sweden","1975-1980",88.6
"Sweden","1980-1985",29.8
"Sweden","1985-1990",134.6
"Sweden","1990-1995",156.5
"Sweden","1995-2000",58.5
"Sweden","2000-2005",141.7
"Sweden","2005-2010",262.5
"Sweden","2010-2015",254
"Sweden","2015-2020",121.6
"Switzerland","1950-1955",131.7
"Switzerland","1955-1960",129.2
"Switzerland","1960-1965",276.2
"Switzerland","1965-1970",93
"Switzerland","1970-1975",25.2
"Switzerland","1975-1980",-135.4
"Switzerland","1980-1985",81
"Switzerland","1985-1990",130.9
"Switzerland","1990-1995",247.4
"Switzerland","1995-2000",65.2
"Switzerland","2000-2005",186.1
"Switzerland","2005-2010",344.9
"Switzerland","2010-2015",397.3
"Switzerland","2015-2020",152
"Syrian Arab Republic","1950-1955",-70
"Syrian Arab Republic","1955-1960",-15
"Syrian Arab Republic","1960-1965",-16
"Syrian Arab Republic","1965-1970",-16
"Syrian Arab Republic","1970-1975",-81.5
"Syrian Arab Republic","1975-1980",-161.7
"Syrian Arab Republic","1980-1985",-87
"Syrian Arab Republic","1985-1990",-146.5
"Syrian Arab Republic","1990-1995",-70
"Syrian Arab Republic","1995-2000",-130
"Syrian Arab Republic","2000-2005",-379.9
"Syrian Arab Republic","2005-2010",370
"Syrian Arab Republic","2010-2015",-4157.9
"Syrian Arab Republic","2015-2020",-424.3
"Taiwan Province of China","1950-1955",-95
"Taiwan Province of China","1955-1960",6
"Taiwan Province of China","1960-1965",265
"Taiwan Province of China","1965-1970",470
"Taiwan Province of China","1970-1975",-25
"Taiwan Province of China","1975-1980",-210
"Taiwan Province of China","1980-1985",-61
"Taiwan Province of China","1985-1990",70
"Taiwan Province of China","1990-1995",-138
"Taiwan Province of China","1995-2000",-278
"Taiwan Province of China","2000-2005",205
"Taiwan Province of China","2005-2010",250
"Taiwan Province of China","2010-2015",170
"Taiwan Province of China","2015-2020",3.7
"Tajikistan","1950-1955",35.8
"Tajikistan","1955-1960",-19.1
"Tajikistan","1960-1965",20.8
"Tajikistan","1965-1970",25.9
"Tajikistan","1970-1975",-12.2
"Tajikistan","1975-1980",-17
"Tajikistan","1980-1985",-38.2
"Tajikistan","1985-1990",-68
"Tajikistan","1990-1995",-289.3
"Tajikistan","1995-2000",-294.8
"Tajikistan","2000-2005",-82.5
"Tajikistan","2005-2010",-73.2
"Tajikistan","2010-2015",-100
"Tajikistan","2015-2020",-82.5
"Thailand","1950-1955",0
"Thailand","1955-1960",0
"Thailand","1960-1965",0
"Thailand","1965-1970",0
"Thailand","1970-1975",402.6
"Thailand","1975-1980",287.2
"Thailand","1980-1985",341.9
"Thailand","1985-1990",513.7
"Thailand","1990-1995",-607.5
"Thailand","1995-2000",695.8
"Thailand","2000-2005",373.7
"Thailand","2005-2010",59
"Thailand","2010-2015",167.3
"Thailand","2015-2020",202.9
"The former Yugoslav Republic of Macedonia","1950-1955",0
"The former Yugoslav Republic of Macedonia","1955-1960",-44.9
"The former Yugoslav Republic of Macedonia","1960-1965",-40.9
"The former Yugoslav Republic of Macedonia","1965-1970",-29
"The former Yugoslav Republic of Macedonia","1970-1975",-61
"The former Yugoslav Republic of Macedonia","1975-1980",-14.7
"The former Yugoslav Republic of Macedonia","1980-1985",-72.8
"The former Yugoslav Republic of Macedonia","1985-1990",-98.8
"The former Yugoslav Republic of Macedonia","1990-1995",-100.1
"The former Yugoslav Republic of Macedonia","1995-2000",-5
"The former Yugoslav Republic of Macedonia","2000-2005",-14.6
"The former Yugoslav Republic of Macedonia","2005-2010",-7.4
"The former Yugoslav Republic of Macedonia","2010-2015",-8.9
"The former Yugoslav Republic of Macedonia","2015-2020",-35
"Timor-Leste","1950-1955",0.5
"Timor-Leste","1955-1960",1.7
"Timor-Leste","1960-1965",0.7
"Timor-Leste","1965-1970",0.9
"Timor-Leste","1970-1975",2.2
"Timor-Leste","1975-1980",-93.8
"Timor-Leste","1980-1985",10.3
"Timor-Leste","1985-1990",-4.8
"Timor-Leste","1990-1995",-4.2
"Timor-Leste","1995-2000",-156.1
"Timor-Leste","2000-2005",4
"Timor-Leste","2005-2010",-93.7
"Timor-Leste","2010-2015",-50
"Timor-Leste","2015-2020",-33.4
"Togo","1950-1955",-46.9
"Togo","1955-1960",-57.3
"Togo","1960-1965",-77.9
"Togo","1965-1970",138.9
"Togo","1970-1975",-50
"Togo","1975-1980",-100
"Togo","1980-1985",50
"Togo","1985-1990",-20
"Togo","1990-1995",-95
"Togo","1995-2000",80
"Togo","2000-2005",-10
"Togo","2005-2010",-10
"Togo","2010-2015",-10
"Togo","2015-2020",-7.7
"Tonga","1950-1955",-1.6
"Tonga","1955-1960",-4.9
"Tonga","1960-1965",0.1
"Tonga","1965-1970",-3.1
"Tonga","1970-1975",-7.6
"Tonga","1975-1980",-7.9
"Tonga","1980-1985",-12.5
"Tonga","1985-1990",-10.9
"Tonga","1990-1995",-11.1
"Tonga","1995-2000",-8.7
"Tonga","2000-2005",-8.1
"Tonga","2005-2010",-8.2
"Tonga","2010-2015",-8.1
"Tonga","2015-2020",-7.2
"Trinidad and Tobago","1950-1955",-2.8
"Trinidad and Tobago","1955-1960",-2.8
"Trinidad and Tobago","1960-1965",-57.9
"Trinidad and Tobago","1965-1970",-61.6
"Trinidad and Tobago","1970-1975",-29.4
"Trinidad and Tobago","1975-1980",-30.9
"Trinidad and Tobago","1980-1985",-34.3
"Trinidad and Tobago","1985-1990",-45.1
"Trinidad and Tobago","1990-1995",-32
"Trinidad and Tobago","1995-2000",-32.5
"Trinidad and Tobago","2000-2005",-13.2
"Trinidad and Tobago","2005-2010",-11.3
"Trinidad and Tobago","2010-2015",-5
"Trinidad and Tobago","2015-2020",-30.6
"Tunisia","1950-1955",-18.7
"Tunisia","1955-1960",-192.4
"Tunisia","1960-1965",-142.5
"Tunisia","1965-1970",-96.5
"Tunisia","1970-1975",-97.1
"Tunisia","1975-1980",-72.1
"Tunisia","1980-1985",85.6
"Tunisia","1985-1990",49
"Tunisia","1990-1995",140.3
"Tunisia","1995-2000",-36.8
"Tunisia","2000-2005",-139
"Tunisia","2005-2010",-32.9
"Tunisia","2010-2015",-66
"Tunisia","2015-2020",-36.8
"Turkey","1950-1955",-19
"Turkey","1955-1960",-60
"Turkey","1960-1965",-150
"Turkey","1965-1970",-180
"Turkey","1970-1975",-240
"Turkey","1975-1980",-260
"Turkey","1980-1985",-70
"Turkey","1985-1990",-100
"Turkey","1990-1995",-120
"Turkey","1995-2000",-100
"Turkey","2000-2005",-40
"Turkey","2005-2010",-50
"Turkey","2010-2015",1627.2
"Turkey","2015-2020",26.8
"Turkmenistan","1950-1955",8.7
"Turkmenistan","1955-1960",30
"Turkmenistan","1960-1965",26.8
"Turkmenistan","1965-1970",28.1
"Turkmenistan","1970-1975",25.3
"Turkmenistan","1975-1980",-5.1
"Turkmenistan","1980-1985",-35.8
"Turkmenistan","1985-1990",-39.7
"Turkmenistan","1990-1995",43.6
"Turkmenistan","1995-2000",-64.7
"Turkmenistan","2000-2005",-125.9
"Turkmenistan","2005-2010",-62.7
"Turkmenistan","2010-2015",-50
"Turkmenistan","2015-2020",-22.7
"Uganda","1950-1955",0
"Uganda","1955-1960",0
"Uganda","1960-1965",125.2
"Uganda","1965-1970",53.3
"Uganda","1970-1975",-240.5
"Uganda","1975-1980",-166.7
"Uganda","1980-1985",-115.3
"Uganda","1985-1990",233.4
"Uganda","1990-1995",120
"Uganda","1995-2000",-45.7
"Uganda","2000-2005",-5
"Uganda","2005-2010",-135
"Uganda","2010-2015",-150
"Uganda","2015-2020",-105.2
"Ukraine","1950-1955",43.9
"Ukraine","1955-1960",-325.1
"Ukraine","1960-1965",454.2
"Ukraine","1965-1970",267.6
"Ukraine","1970-1975",209.9
"Ukraine","1975-1980",104.4
"Ukraine","1980-1985",189.1
"Ukraine","1985-1990",0
"Ukraine","1990-1995",74.4
"Ukraine","1995-2000",-462.3
"Ukraine","2000-2005",-165.4
"Ukraine","2005-2010",269.5
"Ukraine","2010-2015",-200
"Ukraine","2015-2020",64.9
"United Arab Emirates","1950-1955",-0.1
"United Arab Emirates","1955-1960",-0.2
"United Arab Emirates","1960-1965",37.9
"United Arab Emirates","1965-1970",53.8
"United Arab Emirates","1970-1975",265.1
"United Arab Emirates","1975-1980",387.8
"United Arab Emirates","1980-1985",184.2
"United Arab Emirates","1985-1990",261.4
"United Arab Emirates","1990-1995",368.1
"United Arab Emirates","1995-2000",484.5
"United Arab Emirates","2000-2005",1161
"United Arab Emirates","2005-2010",3331
"United Arab Emirates","2010-2015",480
"United Arab Emirates","2015-2020",604.2
"United Kingdom of Great Britain and Northern Ireland","1950-1955",-357.9
"United Kingdom of Great Britain and Northern Ireland","1955-1960",70
"United Kingdom of Great Britain and Northern Ireland","1960-1965",142.6
"United Kingdom of Great Britain and Northern Ireland","1965-1970",-84.9
"United Kingdom of Great Britain and Northern Ireland","1970-1975",106.4
"United Kingdom of Great Britain and Northern Ireland","1975-1980",39.1
"United Kingdom of Great Britain and Northern Ireland","1980-1985",-97.5
"United Kingdom of Great Britain and Northern Ireland","1985-1990",98.8
"United Kingdom of Great Britain and Northern Ireland","1990-1995",205.4
"United Kingdom of Great Britain and Northern Ireland","1995-2000",499
"United Kingdom of Great Britain and Northern Ireland","2000-2005",968.4
"United Kingdom of Great Britain and Northern Ireland","2005-2010",2030.1
"United Kingdom of Great Britain and Northern Ireland","2010-2015",990
"United Kingdom of Great Britain and Northern Ireland","2015-2020",412.4
"United Republic of Tanzania","1950-1955",0
"United Republic of Tanzania","1955-1960",0
"United Republic of Tanzania","1960-1965",27
"United Republic of Tanzania","1965-1970",36
"United Republic of Tanzania","1970-1975",119
"United Republic of Tanzania","1975-1980",-22.2
"United Republic of Tanzania","1980-1985",37.2
"United Republic of Tanzania","1985-1990",68.2
"United Republic of Tanzania","1990-1995",591.3
"United Republic of Tanzania","1995-2000",-205.9
"United Republic of Tanzania","2000-2005",-296
"United Republic of Tanzania","2005-2010",-265.3
"United Republic of Tanzania","2010-2015",-200
"United Republic of Tanzania","2015-2020",-4.4
"United States of America","1950-1955",960.4
"United States of America","1955-1960",2112.3
"United States of America","1960-1965",1829.3
"United States of America","1965-1970",1549.5
"United States of America","1970-1975",2940.5
"United States of America","1975-1980",3926.8
"United States of America","1980-1985",3402.3
"United States of America","1985-1990",3428.7
"United States of America","1990-1995",4516.8
"United States of America","1995-2000",8612.1
"United States of America","2000-2005",5206.5
"United States of America","2005-2010",5033.7
"United States of America","2010-2015",4500
"United States of America","2015-2020",4043.7
"United States Virgin Islands","1950-1955",-0.3
"United States Virgin Islands","1955-1960",-0.5
"United States Virgin Islands","1960-1965",10.3
"United States Virgin Islands","1965-1970",3.2
"United States Virgin Islands","1970-1975",9.4
"United States Virgin Islands","1975-1980",2
"United States Virgin Islands","1980-1985",-3.5
"United States Virgin Islands","1985-1990",-11.2
"United States Virgin Islands","1990-1995",-4.6
"United States Virgin Islands","1995-2000",-3.9
"United States Virgin Islands","2000-2005",-5.3
"United States Virgin Islands","2005-2010",-6.3
"United States Virgin Islands","2010-2015",-4.5
"United States Virgin Islands","2015-2020",-1.4
"Uruguay","1950-1955",10
"Uruguay","1955-1960",20
"Uruguay","1960-1965",-6
"Uruguay","1965-1970",-34
"Uruguay","1970-1975",-136
"Uruguay","1975-1980",-60
"Uruguay","1980-1985",-30
"Uruguay","1985-1990",-30
"Uruguay","1990-1995",-20
"Uruguay","1995-2000",-26
"Uruguay","2000-2005",-104
"Uruguay","2005-2010",-50
"Uruguay","2010-2015",-30
"Uruguay","2015-2020",-48.2
"Uzbekistan","1950-1955",190.6
"Uzbekistan","1955-1960",99
"Uzbekistan","1960-1965",161.1
"Uzbekistan","1965-1970",444.3
"Uzbekistan","1970-1975",70.7
"Uzbekistan","1975-1980",72.1
"Uzbekistan","1980-1985",-185.2
"Uzbekistan","1985-1990",-346.4
"Uzbekistan","1990-1995",-322.8
"Uzbekistan","1995-2000",-242.6
"Uzbekistan","2000-2005",-242.3
"Uzbekistan","2005-2010",-140.1
"Uzbekistan","2010-2015",-66.5
"Uzbekistan","2015-2020",-70.2
"Vanuatu","1950-1955",-0.1
"Vanuatu","1955-1960",-0.1
"Vanuatu","1960-1965",0.1
"Vanuatu","1965-1970",-0.5
"Vanuatu","1970-1975",1.4
"Vanuatu","1975-1980",0.2
"Vanuatu","1980-1985",-3.3
"Vanuatu","1985-1990",-2.8
"Vanuatu","1990-1995",-0.3
"Vanuatu","1995-2000",-7.1
"Vanuatu","2000-2005",-0.5
"Vanuatu","2005-2010",1.1
"Vanuatu","2010-2015",0.6
"Vanuatu","2015-2020",-1
"Venezuela (Bolivarian Republic of)","1950-1955",243.5
"Venezuela (Bolivarian Republic of)","1955-1960",79.8
"Venezuela (Bolivarian Republic of)","1960-1965",18.9
"Venezuela (Bolivarian Republic of)","1965-1970",3.2
"Venezuela (Bolivarian Republic of)","1970-1975",0.9
"Venezuela (Bolivarian Republic of)","1975-1980",1.1
"Venezuela (Bolivarian Republic of)","1980-1985",1.4
"Venezuela (Bolivarian Republic of)","1985-1990",0.9
"Venezuela (Bolivarian Republic of)","1990-1995",-0.6
"Venezuela (Bolivarian Republic of)","1995-2000",-2.1
"Venezuela (Bolivarian Republic of)","2000-2005",-7.6
"Venezuela (Bolivarian Republic of)","2005-2010",-28.4
"Venezuela (Bolivarian Republic of)","2010-2015",-69.1
"Venezuela (Bolivarian Republic of)","2015-2020",-7.3
"Viet Nam","1950-1955",0
"Viet Nam","1955-1960",0
"Viet Nam","1960-1965",0
"Viet Nam","1965-1970",0
"Viet Nam","1970-1975",0
"Viet Nam","1975-1980",-813.1
"Viet Nam","1980-1985",-324.9
"Viet Nam","1985-1990",-332.3
"Viet Nam","1990-1995",-394.2
"Viet Nam","1995-2000",-216
"Viet Nam","2000-2005",-672.3
"Viet Nam","2005-2010",-877.7
"Viet Nam","2010-2015",-200
"Viet Nam","2015-2020",-348.1
"Western Sahara","1950-1955",5.6
"Western Sahara","1955-1960",8.3
"Western Sahara","1960-1965",12.5
"Western Sahara","1965-1970",17.1
"Western Sahara","1970-1975",-11.2
"Western Sahara","1975-1980",60.8
"Western Sahara","1980-1985",10.2
"Western Sahara","1985-1990",10.7
"Western Sahara","1990-1995",12
"Western Sahara","1995-2000",30.6
"Western Sahara","2000-2005",90.6
"Western Sahara","2005-2010",5.3
"Western Sahara","2010-2015",2.9
"Western Sahara","2015-2020",28.2
"World","1950-1955",0
"World","1955-1960",0
"World","1960-1965",0
"World","1965-1970",0
"World","1970-1975",0
"World","1975-1980",0
"World","1980-1985",0
"World","1985-1990",0
"World","1990-1995",0
"World","1995-2000",0
"World","2000-2005",0
"World","2005-2010",0
"World","2010-2015",0
"World","2015-2020",0
"Yemen","1950-1955",-50
"Yemen","1955-1960",-75
"Yemen","1960-1965",-100
"Yemen","1965-1970",-245.7
"Yemen","1970-1975",-353
"Yemen","1975-1980",-75
"Yemen","1980-1985",-50
"Yemen","1985-1990",-50
"Yemen","1990-1995",615
"Yemen","1995-2000",-100
"Yemen","2000-2005",-112.2
"Yemen","2005-2010",-65.8
"Yemen","2010-2015",-75
"Yemen","2015-2020",-50.2
"Zambia","1950-1955",0
"Zambia","1955-1960",0
"Zambia","1960-1965",2.5
"Zambia","1965-1970",-4.2
"Zambia","1970-1975",26.7
"Zambia","1975-1980",17.6
"Zambia","1980-1985",58.5
"Zambia","1985-1990",2.8
"Zambia","1990-1995",-23
"Zambia","1995-2000",79.4
"Zambia","2000-2005",-93
"Zambia","2005-2010",-124
"Zambia","2010-2015",-34.5
"Zambia","2015-2020",-5.6
"Zimbabwe","1950-1955",-4.5
"Zimbabwe","1955-1960",-7.5
"Zimbabwe","1960-1965",-15
"Zimbabwe","1965-1970",-42
"Zimbabwe","1970-1975",-45.5
"Zimbabwe","1975-1980",-152.3
"Zimbabwe","1980-1985",99.1
"Zimbabwe","1985-1990",84.4
"Zimbabwe","1990-1995",-200
"Zimbabwe","1995-2000",-220
"Zimbabwe","2000-2005",-350
"Zimbabwe","2005-2010",-300
"Zimbabwe","2010-2015",-250
"Zimbabwe","2015-2020",-120.5
