"Area","Period","Mean Age"
"Afghanistan","1950-1955",29.8
"Afghanistan","1955-1960",29.8
"Afghanistan","1960-1965",29.8
"Afghanistan","1965-1970",29.8
"Afghanistan","1970-1975",29.8
"Afghanistan","1975-1980",29.9
"Afghanistan","1980-1985",29.9
"Afghanistan","1985-1990",29.9
"Afghanistan","1990-1995",29.9
"Afghanistan","1995-2000",29.8
"Afghanistan","2000-2005",29.6
"Afghanistan","2005-2010",29.4
"Afghanistan","2010-2015",29.2
"Afghanistan","2015-2020",29.1
"Albania","1950-1955",31.1
"Albania","1955-1960",30.9
"Albania","1960-1965",30.6
"Albania","1965-1970",29.8
"Albania","1970-1975",29.6
"Albania","1975-1980",29.2
"Albania","1980-1985",28.9
"Albania","1985-1990",28.5
"Albania","1990-1995",27.7
"Albania","1995-2000",27.4
"Albania","2000-2005",27.5
"Albania","2005-2010",27.5
"Albania","2010-2015",27.3
"Albania","2015-2020",27.2
"Algeria","1950-1955",29.9
"Algeria","1955-1960",29.9
"Algeria","1960-1965",29.9
"Algeria","1965-1970",30.2
"Algeria","1970-1975",30.4
"Algeria","1975-1980",30.4
"Algeria","1980-1985",30.7
"Algeria","1985-1990",31.2
"Algeria","1990-1995",31.4
"Algeria","1995-2000",31.4
"Algeria","2000-2005",31.5
"Algeria","2005-2010",31.7
"Algeria","2010-2015",31.5
"Algeria","2015-2020",31.5
"Angola","1950-1955",28.2
"Angola","1955-1960",28.2
"Angola","1960-1965",28.2
"Angola","1965-1970",28.2
"Angola","1970-1975",28.2
"Angola","1975-1980",28.2
"Angola","1980-1985",28.2
"Angola","1985-1990",28.2
"Angola","1990-1995",28.3
"Angola","1995-2000",28.5
"Angola","2000-2005",28.6
"Angola","2005-2010",28.7
"Angola","2010-2015",28.7
"Angola","2015-2020",28.8
"Antigua and Barbuda","1950-1955",26.8
"Antigua and Barbuda","1955-1960",26.8
"Antigua and Barbuda","1960-1965",26.8
"Antigua and Barbuda","1965-1970",26.8
"Antigua and Barbuda","1970-1975",26.8
"Antigua and Barbuda","1975-1980",25.8
"Antigua and Barbuda","1980-1985",25.4
"Antigua and Barbuda","1985-1990",26.1
"Antigua and Barbuda","1990-1995",26.9
"Antigua and Barbuda","1995-2000",27.2
"Antigua and Barbuda","2000-2005",27.3
"Antigua and Barbuda","2005-2010",27.4
"Antigua and Barbuda","2010-2015",27.5
"Antigua and Barbuda","2015-2020",27.6
"Argentina","1950-1955",28.3
"Argentina","1955-1960",28.3
"Argentina","1960-1965",28.3
"Argentina","1965-1970",28.3
"Argentina","1970-1975",28
"Argentina","1975-1980",27.7
"Argentina","1980-1985",27.8
"Argentina","1985-1990",27.8
"Argentina","1990-1995",27.7
"Argentina","1995-2000",27.8
"Argentina","2000-2005",27.9
"Argentina","2005-2010",27.9
"Argentina","2010-2015",28.1
"Argentina","2015-2020",28.2
"Armenia","1950-1955",30
"Armenia","1955-1960",29.5
"Armenia","1960-1965",28.9
"Armenia","1965-1970",28.1
"Armenia","1970-1975",27.1
"Armenia","1975-1980",26.2
"Armenia","1980-1985",25.6
"Armenia","1985-1990",25.3
"Armenia","1990-1995",24.9
"Armenia","1995-2000",25
"Armenia","2000-2005",25.5
"Armenia","2005-2010",25.9
"Armenia","2010-2015",26.3
"Armenia","2015-2020",26.7
"Aruba","1950-1955",27.5
"Aruba","1955-1960",27.5
"Aruba","1960-1965",27.5
"Aruba","1965-1970",27.5
"Aruba","1970-1975",27.5
"Aruba","1975-1980",27.5
"Aruba","1980-1985",27.5
"Aruba","1985-1990",27.5
"Aruba","1990-1995",27.5
"Aruba","1995-2000",27.5
"Aruba","2000-2005",27.4
"Aruba","2005-2010",27.7
"Aruba","2010-2015",28
"Aruba","2015-2020",28.3
"Australia","1950-1955",27.9
"Australia","1955-1960",27.6
"Australia","1960-1965",27.5
"Australia","1965-1970",27.3
"Australia","1970-1975",26.8
"Australia","1975-1980",26.9
"Australia","1980-1985",27.4
"Australia","1985-1990",28.1
"Australia","1990-1995",28.6
"Australia","1995-2000",29.2
"Australia","2000-2005",29.8
"Australia","2005-2010",30.3
"Australia","2010-2015",30.6
"Australia","2015-2020",31
"Austria","1950-1955",27.9
"Austria","1955-1960",27.7
"Austria","1960-1965",27.4
"Austria","1965-1970",26.9
"Austria","1970-1975",26.5
"Austria","1975-1980",26.3
"Austria","1980-1985",26.4
"Austria","1985-1990",26.9
"Austria","1990-1995",27.3
"Austria","1995-2000",28
"Austria","2000-2005",28.6
"Austria","2005-2010",29.4
"Austria","2010-2015",30.2
"Austria","2015-2020",30.9
"Azerbaijan","1950-1955",30.5
"Azerbaijan","1955-1960",30.5
"Azerbaijan","1960-1965",30.3
"Azerbaijan","1965-1970",29.9
"Azerbaijan","1970-1975",29.5
"Azerbaijan","1975-1980",29
"Azerbaijan","1980-1985",28.2
"Azerbaijan","1985-1990",27.4
"Azerbaijan","1990-1995",26.6
"Azerbaijan","1995-2000",26.3
"Azerbaijan","2000-2005",26.3
"Azerbaijan","2005-2010",26
"Azerbaijan","2010-2015",25.8
"Azerbaijan","2015-2020",25.6
"Bahamas","1950-1955",28.1
"Bahamas","1955-1960",28.1
"Bahamas","1960-1965",28.1
"Bahamas","1965-1970",28.1
"Bahamas","1970-1975",28.1
"Bahamas","1975-1980",27.1
"Bahamas","1980-1985",27.1
"Bahamas","1985-1990",27.3
"Bahamas","1990-1995",27.5
"Bahamas","1995-2000",27.5
"Bahamas","2000-2005",27.9
"Bahamas","2005-2010",28.2
"Bahamas","2010-2015",28.7
"Bahamas","2015-2020",29.1
"Bahrain","1950-1955",29.9
"Bahrain","1955-1960",29.9
"Bahrain","1960-1965",29.9
"Bahrain","1965-1970",29.9
"Bahrain","1970-1975",29.9
"Bahrain","1975-1980",29.9
"Bahrain","1980-1985",30.1
"Bahrain","1985-1990",30.4
"Bahrain","1990-1995",30.4
"Bahrain","1995-2000",30.3
"Bahrain","2000-2005",30
"Bahrain","2005-2010",29.8
"Bahrain","2010-2015",29.8
"Bahrain","2015-2020",29.7
"Bangladesh","1950-1955",28.3
"Bangladesh","1955-1960",28.3
"Bangladesh","1960-1965",28.3
"Bangladesh","1965-1970",28.3
"Bangladesh","1970-1975",28.3
"Bangladesh","1975-1980",28.3
"Bangladesh","1980-1985",28
"Bangladesh","1985-1990",27.5
"Bangladesh","1990-1995",26.9
"Bangladesh","1995-2000",26.5
"Bangladesh","2000-2005",26.2
"Bangladesh","2005-2010",25.9
"Bangladesh","2010-2015",25.6
"Bangladesh","2015-2020",25.4
"Barbados","1950-1955",27.3
"Barbados","1955-1960",27.5
"Barbados","1960-1965",28
"Barbados","1965-1970",27.7
"Barbados","1970-1975",26.9
"Barbados","1975-1980",27
"Barbados","1980-1985",26.2
"Barbados","1985-1990",27.1
"Barbados","1990-1995",26.7
"Barbados","1995-2000",27.8
"Barbados","2000-2005",27.3
"Barbados","2005-2010",27.8
"Barbados","2010-2015",28.2
"Barbados","2015-2020",29.3
"Belarus","1950-1955",29.3
"Belarus","1955-1960",29
"Belarus","1960-1965",28.7
"Belarus","1965-1970",28
"Belarus","1970-1975",27.2
"Belarus","1975-1980",26.4
"Belarus","1980-1985",26
"Belarus","1985-1990",25.7
"Belarus","1990-1995",24.9
"Belarus","1995-2000",25.2
"Belarus","2000-2005",25.9
"Belarus","2005-2010",26.8
"Belarus","2010-2015",27.6
"Belarus","2015-2020",28.5
"Belgium","1950-1955",28.7
"Belgium","1955-1960",28.2
"Belgium","1960-1965",27.8
"Belgium","1965-1970",27.4
"Belgium","1970-1975",26.9
"Belgium","1975-1980",26.6
"Belgium","1980-1985",26.8
"Belgium","1985-1990",27.6
"Belgium","1990-1995",28.1
"Belgium","1995-2000",28.7
"Belgium","2000-2005",29
"Belgium","2005-2010",29.6
"Belgium","2010-2015",30.5
"Belgium","2015-2020",30.9
"Belize","1950-1955",27.3
"Belize","1955-1960",27.3
"Belize","1960-1965",27.3
"Belize","1965-1970",27.3
"Belize","1970-1975",27.3
"Belize","1975-1980",27.3
"Belize","1980-1985",27.3
"Belize","1985-1990",27.3
"Belize","1990-1995",27.3
"Belize","1995-2000",27.3
"Belize","2000-2005",27.2
"Belize","2005-2010",27.2
"Belize","2010-2015",27.1
"Belize","2015-2020",27.1
"Benin","1950-1955",30.6
"Benin","1955-1960",30.6
"Benin","1960-1965",30.7
"Benin","1965-1970",30.8
"Benin","1970-1975",30.8
"Benin","1975-1980",30.7
"Benin","1980-1985",30.5
"Benin","1985-1990",30.2
"Benin","1990-1995",29.8
"Benin","1995-2000",29.6
"Benin","2000-2005",29.3
"Benin","2005-2010",29.1
"Benin","2010-2015",29
"Benin","2015-2020",28.8
"Bhutan","1950-1955",29.2
"Bhutan","1955-1960",29.2
"Bhutan","1960-1965",29.2
"Bhutan","1965-1970",29.2
"Bhutan","1970-1975",29.2
"Bhutan","1975-1980",29.2
"Bhutan","1980-1985",29.1
"Bhutan","1985-1990",28.9
"Bhutan","1990-1995",28.6
"Bhutan","1995-2000",28.3
"Bhutan","2000-2005",28.1
"Bhutan","2005-2010",28.2
"Bhutan","2010-2015",28.5
"Bhutan","2015-2020",28.7
"Bolivia (Plurinational State of)","1950-1955",30.4
"Bolivia (Plurinational State of)","1955-1960",30.4
"Bolivia (Plurinational State of)","1960-1965",30.3
"Bolivia (Plurinational State of)","1965-1970",30.3
"Bolivia (Plurinational State of)","1970-1975",30.2
"Bolivia (Plurinational State of)","1975-1980",30
"Bolivia (Plurinational State of)","1980-1985",29.6
"Bolivia (Plurinational State of)","1985-1990",29.4
"Bolivia (Plurinational State of)","1990-1995",29.3
"Bolivia (Plurinational State of)","1995-2000",29
"Bolivia (Plurinational State of)","2000-2005",28.8
"Bolivia (Plurinational State of)","2005-2010",28.6
"Bolivia (Plurinational State of)","2010-2015",28.5
"Bolivia (Plurinational State of)","2015-2020",28.4
"Bosnia and Herzegovina","1950-1955",30
"Bosnia and Herzegovina","1955-1960",29.5
"Bosnia and Herzegovina","1960-1965",28.9
"Bosnia and Herzegovina","1965-1970",28
"Bosnia and Herzegovina","1970-1975",27.2
"Bosnia and Herzegovina","1975-1980",26.9
"Bosnia and Herzegovina","1980-1985",26.4
"Bosnia and Herzegovina","1985-1990",26.3
"Bosnia and Herzegovina","1990-1995",26.7
"Bosnia and Herzegovina","1995-2000",26.7
"Bosnia and Herzegovina","2000-2005",27.1
"Bosnia and Herzegovina","2005-2010",27.8
"Bosnia and Herzegovina","2010-2015",28.6
"Bosnia and Herzegovina","2015-2020",29.3
"Botswana","1950-1955",29.8
"Botswana","1955-1960",29.8
"Botswana","1960-1965",29.8
"Botswana","1965-1970",29.8
"Botswana","1970-1975",29.8
"Botswana","1975-1980",29.8
"Botswana","1980-1985",29.8
"Botswana","1985-1990",29.5
"Botswana","1990-1995",30
"Botswana","1995-2000",29.9
"Botswana","2000-2005",29.7
"Botswana","2005-2010",29.5
"Botswana","2010-2015",29.8
"Botswana","2015-2020",29.9
"Brazil","1950-1955",30.1
"Brazil","1955-1960",30.1
"Brazil","1960-1965",30.1
"Brazil","1965-1970",29.9
"Brazil","1970-1975",29.6
"Brazil","1975-1980",29.2
"Brazil","1980-1985",28.5
"Brazil","1985-1990",27.7
"Brazil","1990-1995",27.1
"Brazil","1995-2000",26.7
"Brazil","2000-2005",26.5
"Brazil","2005-2010",26.3
"Brazil","2010-2015",26.2
"Brazil","2015-2020",26.1
"Brunei Darussalam","1950-1955",28.9
"Brunei Darussalam","1955-1960",28.9
"Brunei Darussalam","1960-1965",28.9
"Brunei Darussalam","1965-1970",28.9
"Brunei Darussalam","1970-1975",29
"Brunei Darussalam","1975-1980",29.1
"Brunei Darussalam","1980-1985",29.1
"Brunei Darussalam","1985-1990",29.2
"Brunei Darussalam","1990-1995",29.2
"Brunei Darussalam","1995-2000",29.8
"Brunei Darussalam","2000-2005",29.6
"Brunei Darussalam","2005-2010",29.6
"Brunei Darussalam","2010-2015",30.1
"Brunei Darussalam","2015-2020",30.3
"Bulgaria","1950-1955",26.6
"Bulgaria","1955-1960",25.7
"Bulgaria","1960-1965",25.1
"Bulgaria","1965-1970",24.8
"Bulgaria","1970-1975",24.6
"Bulgaria","1975-1980",24.2
"Bulgaria","1980-1985",23.9
"Bulgaria","1985-1990",24
"Bulgaria","1990-1995",23.9
"Bulgaria","1995-2000",24.5
"Bulgaria","2000-2005",25.5
"Bulgaria","2005-2010",26.5
"Bulgaria","2010-2015",27.2
"Bulgaria","2015-2020",28.2
"Burkina Faso","1950-1955",27.6
"Burkina Faso","1955-1960",28.1
"Burkina Faso","1960-1965",28.5
"Burkina Faso","1965-1970",29
"Burkina Faso","1970-1975",29.4
"Burkina Faso","1975-1980",29.7
"Burkina Faso","1980-1985",30
"Burkina Faso","1985-1990",30.1
"Burkina Faso","1990-1995",30.2
"Burkina Faso","1995-2000",30
"Burkina Faso","2000-2005",29.7
"Burkina Faso","2005-2010",29.5
"Burkina Faso","2010-2015",29.4
"Burkina Faso","2015-2020",29.2
"Burundi","1950-1955",31.3
"Burundi","1955-1960",31.3
"Burundi","1960-1965",31.3
"Burundi","1965-1970",31.3
"Burundi","1970-1975",31.3
"Burundi","1975-1980",31.3
"Burundi","1980-1985",31.3
"Burundi","1985-1990",31.3
"Burundi","1990-1995",31.3
"Burundi","1995-2000",31.3
"Burundi","2000-2005",31.4
"Burundi","2005-2010",31.1
"Burundi","2010-2015",30.7
"Burundi","2015-2020",30.3
"Cambodia","1950-1955",30
"Cambodia","1955-1960",30
"Cambodia","1960-1965",30
"Cambodia","1965-1970",30
"Cambodia","1970-1975",30
"Cambodia","1975-1980",30
"Cambodia","1980-1985",30
"Cambodia","1985-1990",30
"Cambodia","1990-1995",29.9
"Cambodia","1995-2000",29.8
"Cambodia","2000-2005",29.2
"Cambodia","2005-2010",28.5
"Cambodia","2010-2015",27.6
"Cambodia","2015-2020",27
"Cameroon","1950-1955",28.6
"Cameroon","1955-1960",28.6
"Cameroon","1960-1965",28.6
"Cameroon","1965-1970",28.6
"Cameroon","1970-1975",28.6
"Cameroon","1975-1980",28.6
"Cameroon","1980-1985",28.5
"Cameroon","1985-1990",28.5
"Cameroon","1990-1995",28.4
"Cameroon","1995-2000",28.3
"Cameroon","2000-2005",28.3
"Cameroon","2005-2010",28.6
"Cameroon","2010-2015",28.7
"Cameroon","2015-2020",28.9
"Canada","1950-1955",28.4
"Canada","1955-1960",28
"Canada","1960-1965",27.8
"Canada","1965-1970",27.5
"Canada","1970-1975",26.9
"Canada","1975-1980",26.9
"Canada","1980-1985",27.2
"Canada","1985-1990",27.6
"Canada","1990-1995",28
"Canada","1995-2000",28.5
"Canada","2000-2005",29.3
"Canada","2005-2010",29.8
"Canada","2010-2015",30.3
"Canada","2015-2020",30.7
"Cape Verde","1950-1955",30.5
"Cape Verde","1955-1960",30.5
"Cape Verde","1960-1965",30.5
"Cape Verde","1965-1970",30.5
"Cape Verde","1970-1975",30.5
"Cape Verde","1975-1980",30.5
"Cape Verde","1980-1985",30.2
"Cape Verde","1985-1990",29.6
"Cape Verde","1990-1995",29.1
"Cape Verde","1995-2000",28.6
"Cape Verde","2000-2005",28.1
"Cape Verde","2005-2010",27.7
"Cape Verde","2010-2015",27.6
"Cape Verde","2015-2020",27.4
"Central African Republic","1950-1955",28.7
"Central African Republic","1955-1960",28.7
"Central African Republic","1960-1965",28.7
"Central African Republic","1965-1970",28.7
"Central African Republic","1970-1975",28.7
"Central African Republic","1975-1980",28.8
"Central African Republic","1980-1985",29.1
"Central African Republic","1985-1990",29.4
"Central African Republic","1990-1995",29.6
"Central African Republic","1995-2000",29.9
"Central African Republic","2000-2005",30.2
"Central African Republic","2005-2010",30.4
"Central African Republic","2010-2015",29.8
"Central African Republic","2015-2020",29.6
"Chad","1950-1955",28.2
"Chad","1955-1960",28.2
"Chad","1960-1965",28.2
"Chad","1965-1970",28.2
"Chad","1970-1975",28.2
"Chad","1975-1980",28.2
"Chad","1980-1985",28.2
"Chad","1985-1990",28.2
"Chad","1990-1995",28.2
"Chad","1995-2000",28.2
"Chad","2000-2005",28.2
"Chad","2005-2010",28.4
"Chad","2010-2015",28.6
"Chad","2015-2020",28.8
"Channel Islands","1950-1955",28.2
"Channel Islands","1955-1960",28.2
"Channel Islands","1960-1965",28.2
"Channel Islands","1965-1970",28.2
"Channel Islands","1970-1975",28.2
"Channel Islands","1975-1980",28.2
"Channel Islands","1980-1985",28.2
"Channel Islands","1985-1990",28.7
"Channel Islands","1990-1995",29.3
"Channel Islands","1995-2000",29.6
"Channel Islands","2000-2005",29.8
"Channel Islands","2005-2010",30
"Channel Islands","2010-2015",30.3
"Channel Islands","2015-2020",30.5
"Chile","1950-1955",29.6
"Chile","1955-1960",29.5
"Chile","1960-1965",29.2
"Chile","1965-1970",28.7
"Chile","1970-1975",28.1
"Chile","1975-1980",27.6
"Chile","1980-1985",27.4
"Chile","1985-1990",27.4
"Chile","1990-1995",27.5
"Chile","1995-2000",27.6
"Chile","2000-2005",27.7
"Chile","2005-2010",27.7
"Chile","2010-2015",27.7
"Chile","2015-2020",27.7
"China","1950-1955",29.7
"China","1955-1960",29.8
"China","1960-1965",29.8
"China","1965-1970",29.8
"China","1970-1975",29.5
"China","1975-1980",28.3
"China","1980-1985",26.4
"China","1985-1990",26.2
"China","1990-1995",26.1
"China","1995-2000",26
"China","2000-2005",26.3
"China","2005-2010",26.7
"China","2010-2015",26.9
"China","2015-2020",27.9
"Colombia","1950-1955",29.5
"Colombia","1955-1960",29.5
"Colombia","1960-1965",29.5
"Colombia","1965-1970",29.3
"Colombia","1970-1975",29.5
"Colombia","1975-1980",28.9
"Colombia","1980-1985",28.4
"Colombia","1985-1990",27.9
"Colombia","1990-1995",27.4
"Colombia","1995-2000",27
"Colombia","2000-2005",26.6
"Colombia","2005-2010",27.1
"Colombia","2010-2015",27.1
"Colombia","2015-2020",27.3
"Comoros","1950-1955",30.6
"Comoros","1955-1960",30.6
"Comoros","1960-1965",30.6
"Comoros","1965-1970",30.6
"Comoros","1970-1975",30.6
"Comoros","1975-1980",30.6
"Comoros","1980-1985",30.6
"Comoros","1985-1990",30.6
"Comoros","1990-1995",30.6
"Comoros","1995-2000",30.6
"Comoros","2000-2005",30.4
"Comoros","2005-2010",30.3
"Comoros","2010-2015",30.1
"Comoros","2015-2020",30
"Congo","1950-1955",29.4
"Congo","1955-1960",29.4
"Congo","1960-1965",29.4
"Congo","1965-1970",29.4
"Congo","1970-1975",29.4
"Congo","1975-1980",29.4
"Congo","1980-1985",29.4
"Congo","1985-1990",29.3
"Congo","1990-1995",29.1
"Congo","1995-2000",29
"Congo","2000-2005",28.9
"Congo","2005-2010",28.7
"Congo","2010-2015",28.5
"Congo","2015-2020",28.3
"Costa Rica","1950-1955",29
"Costa Rica","1955-1960",29
"Costa Rica","1960-1965",29.1
"Costa Rica","1965-1970",29
"Costa Rica","1970-1975",28.5
"Costa Rica","1975-1980",27.9
"Costa Rica","1980-1985",27.6
"Costa Rica","1985-1990",27.5
"Costa Rica","1990-1995",27.2
"Costa Rica","1995-2000",27
"Costa Rica","2000-2005",26.9
"Costa Rica","2005-2010",27
"Costa Rica","2010-2015",27.1
"Costa Rica","2015-2020",27.2
"Cote d'Ivoire","1950-1955",28
"Cote d'Ivoire","1955-1960",28.6
"Cote d'Ivoire","1960-1965",29.1
"Cote d'Ivoire","1965-1970",29.5
"Cote d'Ivoire","1970-1975",29.6
"Cote d'Ivoire","1975-1980",29.5
"Cote d'Ivoire","1980-1985",29.6
"Cote d'Ivoire","1985-1990",29.7
"Cote d'Ivoire","1990-1995",29.7
"Cote d'Ivoire","1995-2000",29.5
"Cote d'Ivoire","2000-2005",29.2
"Cote d'Ivoire","2005-2010",29
"Cote d'Ivoire","2010-2015",29
"Cote d'Ivoire","2015-2020",28.9
"Croatia","1950-1955",28.1
"Croatia","1955-1960",27.2
"Croatia","1960-1965",26.5
"Croatia","1965-1970",26.1
"Croatia","1970-1975",25.8
"Croatia","1975-1980",25.7
"Croatia","1980-1985",25.6
"Croatia","1985-1990",25.7
"Croatia","1990-1995",26.8
"Croatia","1995-2000",27.3
"Croatia","2000-2005",27.9
"Croatia","2005-2010",28.7
"Croatia","2010-2015",29.5
"Croatia","2015-2020",30.2
"Cuba","1950-1955",28.1
"Cuba","1955-1960",27.8
"Cuba","1960-1965",27.5
"Cuba","1965-1970",27.2
"Cuba","1970-1975",26.6
"Cuba","1975-1980",24.8
"Cuba","1980-1985",24.9
"Cuba","1985-1990",24.9
"Cuba","1990-1995",25.2
"Cuba","1995-2000",25.2
"Cuba","2000-2005",26.2
"Cuba","2005-2010",26.3
"Cuba","2010-2015",26.4
"Cuba","2015-2020",26.5
"Curaçao","1950-1955",27.5
"Curaçao","1955-1960",27.5
"Curaçao","1960-1965",27.5
"Curaçao","1965-1970",27.5
"Curaçao","1970-1975",27.5
"Curaçao","1975-1980",27.5
"Curaçao","1980-1985",27.5
"Curaçao","1985-1990",27.5
"Curaçao","1990-1995",27.5
"Curaçao","1995-2000",27.9
"Curaçao","2000-2005",28.2
"Curaçao","2005-2010",28.3
"Curaçao","2010-2015",28.4
"Curaçao","2015-2020",28.5
"Cyprus","1950-1955",29.7
"Cyprus","1955-1960",28.7
"Cyprus","1960-1965",28.9
"Cyprus","1965-1970",28.4
"Cyprus","1970-1975",27.7
"Cyprus","1975-1980",27
"Cyprus","1980-1985",26.8
"Cyprus","1985-1990",27
"Cyprus","1990-1995",27.6
"Cyprus","1995-2000",28.4
"Cyprus","2000-2005",29.2
"Cyprus","2005-2010",29.5
"Cyprus","2010-2015",29.6
"Cyprus","2015-2020",29.8
"Czech Republic","1950-1955",27
"Czech Republic","1955-1960",26.1
"Czech Republic","1960-1965",25.5
"Czech Republic","1965-1970",25.2
"Czech Republic","1970-1975",25.2
"Czech Republic","1975-1980",25
"Czech Republic","1980-1985",24.6
"Czech Republic","1985-1990",24.7
"Czech Republic","1990-1995",25
"Czech Republic","1995-2000",26.5
"Czech Republic","2000-2005",28
"Czech Republic","2005-2010",29.2
"Czech Republic","2010-2015",29.8
"Czech Republic","2015-2020",30.7
"Democratic People's Republic of Korea","1950-1955",31.6
"Democratic People's Republic of Korea","1955-1960",31.6
"Democratic People's Republic of Korea","1960-1965",31.3
"Democratic People's Republic of Korea","1965-1970",30.6
"Democratic People's Republic of Korea","1970-1975",30.1
"Democratic People's Republic of Korea","1975-1980",28.9
"Democratic People's Republic of Korea","1980-1985",27.9
"Democratic People's Republic of Korea","1985-1990",27.5
"Democratic People's Republic of Korea","1990-1995",28.2
"Democratic People's Republic of Korea","1995-2000",28.4
"Democratic People's Republic of Korea","2000-2005",28.5
"Democratic People's Republic of Korea","2005-2010",28.7
"Democratic People's Republic of Korea","2010-2015",28.9
"Democratic People's Republic of Korea","2015-2020",29
"Democratic Republic of the Congo","1950-1955",29.2
"Democratic Republic of the Congo","1955-1960",29.1
"Democratic Republic of the Congo","1960-1965",28.9
"Democratic Republic of the Congo","1965-1970",29
"Democratic Republic of the Congo","1970-1975",29.2
"Democratic Republic of the Congo","1975-1980",29.5
"Democratic Republic of the Congo","1980-1985",29.8
"Democratic Republic of the Congo","1985-1990",30.1
"Democratic Republic of the Congo","1990-1995",30.2
"Democratic Republic of the Congo","1995-2000",30.2
"Democratic Republic of the Congo","2000-2005",30
"Democratic Republic of the Congo","2005-2010",29.9
"Democratic Republic of the Congo","2010-2015",29.6
"Democratic Republic of the Congo","2015-2020",29.4
"Denmark","1950-1955",27.5
"Denmark","1955-1960",27.1
"Denmark","1960-1965",26.8
"Denmark","1965-1970",26.6
"Denmark","1970-1975",26.6
"Denmark","1975-1980",26.6
"Denmark","1980-1985",27.3
"Denmark","1985-1990",28.1
"Denmark","1990-1995",28.9
"Denmark","1995-2000",29.5
"Denmark","2000-2005",30
"Denmark","2005-2010",30.4
"Denmark","2010-2015",30.7
"Denmark","2015-2020",31
"Djibouti","1950-1955",32.3
"Djibouti","1955-1960",32.2
"Djibouti","1960-1965",32
"Djibouti","1965-1970",31.9
"Djibouti","1970-1975",31.8
"Djibouti","1975-1980",31.8
"Djibouti","1980-1985",31.7
"Djibouti","1985-1990",31.6
"Djibouti","1990-1995",31.6
"Djibouti","1995-2000",31.8
"Djibouti","2000-2005",31.9
"Djibouti","2005-2010",32.1
"Djibouti","2010-2015",32.1
"Djibouti","2015-2020",32.2
"Dominican Republic","1950-1955",29.1
"Dominican Republic","1955-1960",29.1
"Dominican Republic","1960-1965",29.1
"Dominican Republic","1965-1970",29
"Dominican Republic","1970-1975",28.6
"Dominican Republic","1975-1980",28.2
"Dominican Republic","1980-1985",27.7
"Dominican Republic","1985-1990",27.1
"Dominican Republic","1990-1995",26.5
"Dominican Republic","1995-2000",26.1
"Dominican Republic","2000-2005",25.8
"Dominican Republic","2005-2010",25.7
"Dominican Republic","2010-2015",25.8
"Dominican Republic","2015-2020",25.8
"Ecuador","1950-1955",29.7
"Ecuador","1955-1960",29.7
"Ecuador","1960-1965",29.7
"Ecuador","1965-1970",29.6
"Ecuador","1970-1975",29.5
"Ecuador","1975-1980",29.3
"Ecuador","1980-1985",29.1
"Ecuador","1985-1990",28.8
"Ecuador","1990-1995",28.5
"Ecuador","1995-2000",28.1
"Ecuador","2000-2005",27.8
"Ecuador","2005-2010",27.5
"Ecuador","2010-2015",27.5
"Ecuador","2015-2020",27.4
"Egypt","1950-1955",28.4
"Egypt","1955-1960",28.4
"Egypt","1960-1965",28.4
"Egypt","1965-1970",28.4
"Egypt","1970-1975",28.4
"Egypt","1975-1980",28.4
"Egypt","1980-1985",28.5
"Egypt","1985-1990",28.8
"Egypt","1990-1995",28.2
"Egypt","1995-2000",28
"Egypt","2000-2005",27.9
"Egypt","2005-2010",27.8
"Egypt","2010-2015",27.6
"Egypt","2015-2020",27.5
"El Salvador","1950-1955",29.3
"El Salvador","1955-1960",29.3
"El Salvador","1960-1965",29.3
"El Salvador","1965-1970",29.3
"El Salvador","1970-1975",29.2
"El Salvador","1975-1980",28.9
"El Salvador","1980-1985",28.7
"El Salvador","1985-1990",28.4
"El Salvador","1990-1995",28.2
"El Salvador","1995-2000",27.8
"El Salvador","2000-2005",27.2
"El Salvador","2005-2010",26.8
"El Salvador","2010-2015",26.8
"El Salvador","2015-2020",26.7
"Equatorial Guinea","1950-1955",28.8
"Equatorial Guinea","1955-1960",28.8
"Equatorial Guinea","1960-1965",28.8
"Equatorial Guinea","1965-1970",28.8
"Equatorial Guinea","1970-1975",28.7
"Equatorial Guinea","1975-1980",28.6
"Equatorial Guinea","1980-1985",28.6
"Equatorial Guinea","1985-1990",28.8
"Equatorial Guinea","1990-1995",28.8
"Equatorial Guinea","1995-2000",29
"Equatorial Guinea","2000-2005",29
"Equatorial Guinea","2005-2010",28.7
"Equatorial Guinea","2010-2015",28.3
"Equatorial Guinea","2015-2020",28.1
"Eritrea","1950-1955",30.9
"Eritrea","1955-1960",30.9
"Eritrea","1960-1965",30.9
"Eritrea","1965-1970",30.9
"Eritrea","1970-1975",30.9
"Eritrea","1975-1980",30.9
"Eritrea","1980-1985",30.9
"Eritrea","1985-1990",30.6
"Eritrea","1990-1995",30.4
"Eritrea","1995-2000",30.1
"Eritrea","2000-2005",30
"Eritrea","2005-2010",29.8
"Eritrea","2010-2015",29.7
"Eritrea","2015-2020",29.5
"Estonia","1950-1955",28.2
"Estonia","1955-1960",27.9
"Estonia","1960-1965",27.6
"Estonia","1965-1970",27
"Estonia","1970-1975",26.6
"Estonia","1975-1980",26
"Estonia","1980-1985",25.9
"Estonia","1985-1990",25.9
"Estonia","1990-1995",25.3
"Estonia","1995-2000",26.2
"Estonia","2000-2005",27.5
"Estonia","2005-2010",28.5
"Estonia","2010-2015",29.4
"Estonia","2015-2020",30.3
"Ethiopia","1950-1955",30.7
"Ethiopia","1955-1960",30.7
"Ethiopia","1960-1965",30.7
"Ethiopia","1965-1970",30.7
"Ethiopia","1970-1975",30.7
"Ethiopia","1975-1980",30.7
"Ethiopia","1980-1985",30.8
"Ethiopia","1985-1990",30.6
"Ethiopia","1990-1995",30.3
"Ethiopia","1995-2000",30.1
"Ethiopia","2000-2005",30
"Ethiopia","2005-2010",30
"Ethiopia","2010-2015",29.8
"Ethiopia","2015-2020",29.7
"Fiji","1950-1955",28.7
"Fiji","1955-1960",28.6
"Fiji","1960-1965",28.3
"Fiji","1965-1970",29.3
"Fiji","1970-1975",28.4
"Fiji","1975-1980",27.6
"Fiji","1980-1985",27.4
"Fiji","1985-1990",27.6
"Fiji","1990-1995",26.8
"Fiji","1995-2000",27.8
"Fiji","2000-2005",27.8
"Fiji","2005-2010",27.6
"Fiji","2010-2015",28
"Fiji","2015-2020",28.1
"Finland","1950-1955",29.3
"Finland","1955-1960",28.7
"Finland","1960-1965",28.2
"Finland","1965-1970",27.7
"Finland","1970-1975",27
"Finland","1975-1980",27.3
"Finland","1980-1985",28
"Finland","1985-1990",28.6
"Finland","1990-1995",29
"Finland","1995-2000",29.4
"Finland","2000-2005",29.7
"Finland","2005-2010",30
"Finland","2010-2015",30.4
"Finland","2015-2020",30.6
"France","1950-1955",28
"France","1955-1960",27.8
"France","1960-1965",27.5
"France","1965-1970",27.3
"France","1970-1975",26.9
"France","1975-1980",26.6
"France","1980-1985",27.1
"France","1985-1990",27.9
"France","1990-1995",28.6
"France","1995-2000",29.2
"France","2000-2005",29.5
"France","2005-2010",29.9
"France","2010-2015",30.1
"France","2015-2020",30.3
"French Guiana","1950-1955",28.2
"French Guiana","1955-1960",28.5
"French Guiana","1960-1965",28.7
"French Guiana","1965-1970",28.2
"French Guiana","1970-1975",27.4
"French Guiana","1975-1980",27.1
"French Guiana","1980-1985",27.5
"French Guiana","1985-1990",27.5
"French Guiana","1990-1995",27.4
"French Guiana","1995-2000",27.3
"French Guiana","2000-2005",27.6
"French Guiana","2005-2010",28.3
"French Guiana","2010-2015",28.7
"French Guiana","2015-2020",29.2
"French Polynesia","1950-1955",27.5
"French Polynesia","1955-1960",27.5
"French Polynesia","1960-1965",27.5
"French Polynesia","1965-1970",27.5
"French Polynesia","1970-1975",27.5
"French Polynesia","1975-1980",27.5
"French Polynesia","1980-1985",27.5
"French Polynesia","1985-1990",27.5
"French Polynesia","1990-1995",27.8
"French Polynesia","1995-2000",27.9
"French Polynesia","2000-2005",28
"French Polynesia","2005-2010",28.3
"French Polynesia","2010-2015",28.6
"French Polynesia","2015-2020",28.9
"Gabon","1950-1955",27.7
"Gabon","1955-1960",27.7
"Gabon","1960-1965",27.7
"Gabon","1965-1970",27.8
"Gabon","1970-1975",27.8
"Gabon","1975-1980",27.8
"Gabon","1980-1985",27.9
"Gabon","1985-1990",27.9
"Gabon","1990-1995",28
"Gabon","1995-2000",28
"Gabon","2000-2005",28.2
"Gabon","2005-2010",28.5
"Gabon","2010-2015",28.7
"Gabon","2015-2020",29
"Gambia","1950-1955",27.8
"Gambia","1955-1960",27.8
"Gambia","1960-1965",27.8
"Gambia","1965-1970",27.8
"Gambia","1970-1975",28
"Gambia","1975-1980",28.3
"Gambia","1980-1985",28.4
"Gambia","1985-1990",28.5
"Gambia","1990-1995",28.9
"Gambia","1995-2000",29.2
"Gambia","2000-2005",29.7
"Gambia","2005-2010",29.9
"Gambia","2010-2015",30.2
"Gambia","2015-2020",30.4
"Georgia","1950-1955",28.9
"Georgia","1955-1960",28.9
"Georgia","1960-1965",28.9
"Georgia","1965-1970",28.1
"Georgia","1970-1975",27.3
"Georgia","1975-1980",26.3
"Georgia","1980-1985",25.4
"Georgia","1985-1990",25.2
"Georgia","1990-1995",25.3
"Georgia","1995-2000",25.5
"Georgia","2000-2005",25.9
"Georgia","2005-2010",26.2
"Georgia","2010-2015",26.4
"Georgia","2015-2020",26.7
"Germany","1950-1955",27.7
"Germany","1955-1960",27.7
"Germany","1960-1965",27.3
"Germany","1965-1970",26.8
"Germany","1970-1975",26.4
"Germany","1975-1980",26.3
"Germany","1980-1985",26.7
"Germany","1985-1990",27.4
"Germany","1990-1995",28
"Germany","1995-2000",28.5
"Germany","2000-2005",29.1
"Germany","2005-2010",29.9
"Germany","2010-2015",30.7
"Germany","2015-2020",31.4
"Ghana","1950-1955",30.1
"Ghana","1955-1960",30.1
"Ghana","1960-1965",30.1
"Ghana","1965-1970",30.1
"Ghana","1970-1975",30.2
"Ghana","1975-1980",30.3
"Ghana","1980-1985",30.2
"Ghana","1985-1990",30.2
"Ghana","1990-1995",30.1
"Ghana","1995-2000",30.2
"Ghana","2000-2005",30.1
"Ghana","2005-2010",30
"Ghana","2010-2015",29.9
"Ghana","2015-2020",29.8
"Greece","1950-1955",29.9
"Greece","1955-1960",29.3
"Greece","1960-1965",28.6
"Greece","1965-1970",27.8
"Greece","1970-1975",27.2
"Greece","1975-1980",26.5
"Greece","1980-1985",26.2
"Greece","1985-1990",26.5
"Greece","1990-1995",27.6
"Greece","1995-2000",28.6
"Greece","2000-2005",29.4
"Greece","2005-2010",30
"Greece","2010-2015",30.7
"Greece","2015-2020",31.4
"Grenada","1950-1955",28
"Grenada","1955-1960",28
"Grenada","1960-1965",28.4
"Grenada","1965-1970",28.6
"Grenada","1970-1975",28.5
"Grenada","1975-1980",28.5
"Grenada","1980-1985",28.5
"Grenada","1985-1990",28.5
"Grenada","1990-1995",28.4
"Grenada","1995-2000",28.4
"Grenada","2000-2005",28.7
"Grenada","2005-2010",28.6
"Grenada","2010-2015",28.5
"Grenada","2015-2020",28.5
"Guadeloupe","1950-1955",30.1
"Guadeloupe","1955-1960",30.1
"Guadeloupe","1960-1965",30.1
"Guadeloupe","1965-1970",29.7
"Guadeloupe","1970-1975",29.4
"Guadeloupe","1975-1980",29.1
"Guadeloupe","1980-1985",28.8
"Guadeloupe","1985-1990",28.9
"Guadeloupe","1990-1995",29
"Guadeloupe","1995-2000",29.1
"Guadeloupe","2000-2005",29.5
"Guadeloupe","2005-2010",29.9
"Guadeloupe","2010-2015",30
"Guadeloupe","2015-2020",30.2
"Guam","1950-1955",29
"Guam","1955-1960",28.5
"Guam","1960-1965",28.4
"Guam","1965-1970",28.1
"Guam","1970-1975",27.3
"Guam","1975-1980",26.9
"Guam","1980-1985",26.8
"Guam","1985-1990",26.7
"Guam","1990-1995",26.7
"Guam","1995-2000",27.1
"Guam","2000-2005",27.7
"Guam","2005-2010",28.1
"Guam","2010-2015",28.4
"Guam","2015-2020",28.8
"Guatemala","1950-1955",29.1
"Guatemala","1955-1960",29
"Guatemala","1960-1965",29
"Guatemala","1965-1970",29
"Guatemala","1970-1975",29
"Guatemala","1975-1980",29
"Guatemala","1980-1985",28.9
"Guatemala","1985-1990",28.8
"Guatemala","1990-1995",28.8
"Guatemala","1995-2000",28.5
"Guatemala","2000-2005",28.5
"Guatemala","2005-2010",28.5
"Guatemala","2010-2015",28.5
"Guatemala","2015-2020",28.5
"Guinea","1950-1955",27.6
"Guinea","1955-1960",28
"Guinea","1960-1965",28.5
"Guinea","1965-1970",29
"Guinea","1970-1975",29.3
"Guinea","1975-1980",29.5
"Guinea","1980-1985",29.5
"Guinea","1985-1990",29.4
"Guinea","1990-1995",29.2
"Guinea","1995-2000",29.1
"Guinea","2000-2005",29
"Guinea","2005-2010",29.1
"Guinea","2010-2015",29.1
"Guinea","2015-2020",29.1
"Guinea-Bissau","1950-1955",29
"Guinea-Bissau","1955-1960",29
"Guinea-Bissau","1960-1965",29
"Guinea-Bissau","1965-1970",29
"Guinea-Bissau","1970-1975",29
"Guinea-Bissau","1975-1980",29.1
"Guinea-Bissau","1980-1985",29.2
"Guinea-Bissau","1985-1990",29.4
"Guinea-Bissau","1990-1995",29.6
"Guinea-Bissau","1995-2000",29.7
"Guinea-Bissau","2000-2005",29.6
"Guinea-Bissau","2005-2010",29.3
"Guinea-Bissau","2010-2015",29.3
"Guinea-Bissau","2015-2020",29.2
"Guyana","1950-1955",27.4
"Guyana","1955-1960",27.6
"Guyana","1960-1965",27.9
"Guyana","1965-1970",27.9
"Guyana","1970-1975",27.7
"Guyana","1975-1980",27.6
"Guyana","1980-1985",27.1
"Guyana","1985-1990",27.5
"Guyana","1990-1995",27.2
"Guyana","1995-2000",27.1
"Guyana","2000-2005",26.6
"Guyana","2005-2010",26.6
"Guyana","2010-2015",26.6
"Guyana","2015-2020",26.6
"Haiti","1950-1955",31.6
"Haiti","1955-1960",31.6
"Haiti","1960-1965",31.6
"Haiti","1965-1970",31.6
"Haiti","1970-1975",31.3
"Haiti","1975-1980",31.4
"Haiti","1980-1985",31.4
"Haiti","1985-1990",31.2
"Haiti","1990-1995",31
"Haiti","1995-2000",30.8
"Haiti","2000-2005",30.5
"Haiti","2005-2010",30.3
"Haiti","2010-2015",30.2
"Haiti","2015-2020",30
"Honduras","1950-1955",29.4
"Honduras","1955-1960",29.4
"Honduras","1960-1965",29.4
"Honduras","1965-1970",29.4
"Honduras","1970-1975",29.4
"Honduras","1975-1980",29.2
"Honduras","1980-1985",29
"Honduras","1985-1990",28.6
"Honduras","1990-1995",28.4
"Honduras","1995-2000",28.2
"Honduras","2000-2005",27.8
"Honduras","2005-2010",27.7
"Honduras","2010-2015",27.7
"Honduras","2015-2020",27.6
"Hong Kong Special Administrative Region of China","1950-1955",29.1
"Hong Kong Special Administrative Region of China","1955-1960",29.1
"Hong Kong Special Administrative Region of China","1960-1965",29.1
"Hong Kong Special Administrative Region of China","1965-1970",29
"Hong Kong Special Administrative Region of China","1970-1975",28.8
"Hong Kong Special Administrative Region of China","1975-1980",28.6
"Hong Kong Special Administrative Region of China","1980-1985",28.8
"Hong Kong Special Administrative Region of China","1985-1990",29.3
"Hong Kong Special Administrative Region of China","1990-1995",29.6
"Hong Kong Special Administrative Region of China","1995-2000",29.9
"Hong Kong Special Administrative Region of China","2000-2005",30.3
"Hong Kong Special Administrative Region of China","2005-2010",31
"Hong Kong Special Administrative Region of China","2010-2015",31.7
"Hong Kong Special Administrative Region of China","2015-2020",32.3
"Hungary","1950-1955",27.2
"Hungary","1955-1960",26.3
"Hungary","1960-1965",25.7
"Hungary","1965-1970",25.5
"Hungary","1970-1975",25.4
"Hungary","1975-1980",24.9
"Hungary","1980-1985",24.8
"Hungary","1985-1990",25.4
"Hungary","1990-1995",25.9
"Hungary","1995-2000",26.8
"Hungary","2000-2005",27.9
"Hungary","2005-2010",28.9
"Hungary","2010-2015",29.4
"Hungary","2015-2020",30.3
"Iceland","1950-1955",28.4
"Iceland","1955-1960",28
"Iceland","1960-1965",27.9
"Iceland","1965-1970",27.5
"Iceland","1970-1975",27
"Iceland","1975-1980",27
"Iceland","1980-1985",27.2
"Iceland","1985-1990",27.8
"Iceland","1990-1995",28.5
"Iceland","1995-2000",28.7
"Iceland","2000-2005",29.2
"Iceland","2005-2010",29.7
"Iceland","2010-2015",30.2
"Iceland","2015-2020",30.5
"India","1950-1955",29.6
"India","1955-1960",29.6
"India","1960-1965",29.5
"India","1965-1970",29.3
"India","1970-1975",28.7
"India","1975-1980",28.2
"India","1980-1985",27.8
"India","1985-1990",27.3
"India","1990-1995",27
"India","1995-2000",26.9
"India","2000-2005",26.8
"India","2005-2010",26.6
"India","2010-2015",26.6
"India","2015-2020",26.6
"Indonesia","1950-1955",28.3
"Indonesia","1955-1960",28.3
"Indonesia","1960-1965",28.1
"Indonesia","1965-1970",27.9
"Indonesia","1970-1975",28.3
"Indonesia","1975-1980",28
"Indonesia","1980-1985",27.9
"Indonesia","1985-1990",28.1
"Indonesia","1990-1995",28.2
"Indonesia","1995-2000",28.9
"Indonesia","2000-2005",28.2
"Indonesia","2005-2010",28.2
"Indonesia","2010-2015",28.2
"Indonesia","2015-2020",28.2
"Iran (Islamic Republic of)","1950-1955",29.3
"Iran (Islamic Republic of)","1955-1960",29.3
"Iran (Islamic Republic of)","1960-1965",29.3
"Iran (Islamic Republic of)","1965-1970",29.3
"Iran (Islamic Republic of)","1970-1975",29.3
"Iran (Islamic Republic of)","1975-1980",29.3
"Iran (Islamic Republic of)","1980-1985",29.3
"Iran (Islamic Republic of)","1985-1990",29.6
"Iran (Islamic Republic of)","1990-1995",29.3
"Iran (Islamic Republic of)","1995-2000",28.5
"Iran (Islamic Republic of)","2000-2005",28.2
"Iran (Islamic Republic of)","2005-2010",28.4
"Iran (Islamic Republic of)","2010-2015",28.4
"Iran (Islamic Republic of)","2015-2020",28.5
"Iraq","1950-1955",28.7
"Iraq","1955-1960",28.7
"Iraq","1960-1965",28.7
"Iraq","1965-1970",29.1
"Iraq","1970-1975",29.9
"Iraq","1975-1980",30.4
"Iraq","1980-1985",30.8
"Iraq","1985-1990",31
"Iraq","1990-1995",31
"Iraq","1995-2000",30.6
"Iraq","2000-2005",29.9
"Iraq","2005-2010",29
"Iraq","2010-2015",29
"Iraq","2015-2020",28.7
"Ireland","1950-1955",31.4
"Ireland","1955-1960",31.4
"Ireland","1960-1965",31.2
"Ireland","1965-1970",30.6
"Ireland","1970-1975",29.9
"Ireland","1975-1980",29.8
"Ireland","1980-1985",29.9
"Ireland","1985-1990",29.9
"Ireland","1990-1995",30.1
"Ireland","1995-2000",30.4
"Ireland","2000-2005",30.7
"Ireland","2005-2010",31.3
"Ireland","2010-2015",31.5
"Ireland","2015-2020",31.4
"Israel","1950-1955",27.7
"Israel","1955-1960",27.9
"Israel","1960-1965",28.1
"Israel","1965-1970",28.4
"Israel","1970-1975",28.4
"Israel","1975-1980",28.3
"Israel","1980-1985",28.3
"Israel","1985-1990",28.7
"Israel","1990-1995",29.1
"Israel","1995-2000",29.4
"Israel","2000-2005",29.8
"Israel","2005-2010",30.1
"Israel","2010-2015",30.4
"Israel","2015-2020",30.7
"Italy","1950-1955",29.8
"Italy","1955-1960",29.4
"Italy","1960-1965",29
"Italy","1965-1970",28.6
"Italy","1970-1975",28
"Italy","1975-1980",27.5
"Italy","1980-1985",27.7
"Italy","1985-1990",28.5
"Italy","1990-1995",29.3
"Italy","1995-2000",30.2
"Italy","2000-2005",30.6
"Italy","2005-2010",31
"Italy","2010-2015",31.4
"Italy","2015-2020",31.7
"Jamaica","1950-1955",27.4
"Jamaica","1955-1960",27.5
"Jamaica","1960-1965",27.7
"Jamaica","1965-1970",28
"Jamaica","1970-1975",27.7
"Jamaica","1975-1980",27.3
"Jamaica","1980-1985",27.2
"Jamaica","1985-1990",27.1
"Jamaica","1990-1995",27
"Jamaica","1995-2000",27
"Jamaica","2000-2005",27.1
"Jamaica","2005-2010",27.2
"Jamaica","2010-2015",27.4
"Jamaica","2015-2020",27.6
"Japan","1950-1955",29.3
"Japan","1955-1960",28.3
"Japan","1960-1965",27.7
"Japan","1965-1970",27.7
"Japan","1970-1975",27.6
"Japan","1975-1980",27.5
"Japan","1980-1985",27.9
"Japan","1985-1990",28.5
"Japan","1990-1995",29.1
"Japan","1995-2000",29.5
"Japan","2000-2005",29.7
"Japan","2005-2010",30.2
"Japan","2010-2015",30.8
"Japan","2015-2020",31.4
"Jordan","1950-1955",29.5
"Jordan","1955-1960",29.8
"Jordan","1960-1965",30.1
"Jordan","1965-1970",30.4
"Jordan","1970-1975",30.6
"Jordan","1975-1980",30.8
"Jordan","1980-1985",30.7
"Jordan","1985-1990",30.3
"Jordan","1990-1995",30.1
"Jordan","1995-2000",29.9
"Jordan","2000-2005",29.9
"Jordan","2005-2010",29.8
"Jordan","2010-2015",29.8
"Jordan","2015-2020",29.8
"Kazakhstan","1950-1955",29.6
"Kazakhstan","1955-1960",29.5
"Kazakhstan","1960-1965",29.3
"Kazakhstan","1965-1970",29
"Kazakhstan","1970-1975",28.6
"Kazakhstan","1975-1980",28
"Kazakhstan","1980-1985",27.4
"Kazakhstan","1985-1990",27
"Kazakhstan","1990-1995",26.2
"Kazakhstan","1995-2000",26.3
"Kazakhstan","2000-2005",27.3
"Kazakhstan","2005-2010",28.1
"Kazakhstan","2010-2015",28.1
"Kazakhstan","2015-2020",28.6
"Kenya","1950-1955",29.1
"Kenya","1955-1960",29.1
"Kenya","1960-1965",29.1
"Kenya","1965-1970",29.1
"Kenya","1970-1975",29.1
"Kenya","1975-1980",29.1
"Kenya","1980-1985",29.1
"Kenya","1985-1990",29.1
"Kenya","1990-1995",29.5
"Kenya","1995-2000",29.2
"Kenya","2000-2005",29.2
"Kenya","2005-2010",29.1
"Kenya","2010-2015",28.8
"Kenya","2015-2020",28.7
"Kiribati","1950-1955",30.2
"Kiribati","1955-1960",30.2
"Kiribati","1960-1965",30.2
"Kiribati","1965-1970",30.2
"Kiribati","1970-1975",30.2
"Kiribati","1975-1980",30.2
"Kiribati","1980-1985",30.2
"Kiribati","1985-1990",30.2
"Kiribati","1990-1995",30.2
"Kiribati","1995-2000",30.2
"Kiribati","2000-2005",30.3
"Kiribati","2005-2010",30.5
"Kiribati","2010-2015",30.6
"Kiribati","2015-2020",30.7
"Kuwait","1950-1955",28.1
"Kuwait","1955-1960",28.1
"Kuwait","1960-1965",28.1
"Kuwait","1965-1970",28.5
"Kuwait","1970-1975",28.5
"Kuwait","1975-1980",28.5
"Kuwait","1980-1985",29.2
"Kuwait","1985-1990",29.7
"Kuwait","1990-1995",29.8
"Kuwait","1995-2000",29.5
"Kuwait","2000-2005",29.7
"Kuwait","2005-2010",29.8
"Kuwait","2010-2015",29.9
"Kuwait","2015-2020",29.9
"Kyrgyzstan","1950-1955",30.5
"Kyrgyzstan","1955-1960",30.3
"Kyrgyzstan","1960-1965",30.1
"Kyrgyzstan","1965-1970",29.9
"Kyrgyzstan","1970-1975",29.5
"Kyrgyzstan","1975-1980",29
"Kyrgyzstan","1980-1985",28.3
"Kyrgyzstan","1985-1990",27.7
"Kyrgyzstan","1990-1995",26.9
"Kyrgyzstan","1995-2000",26.9
"Kyrgyzstan","2000-2005",27.7
"Kyrgyzstan","2005-2010",28.1
"Kyrgyzstan","2010-2015",28
"Kyrgyzstan","2015-2020",28.2
"Lao People's Democratic Republic","1950-1955",29.6
"Lao People's Democratic Republic","1955-1960",29.6
"Lao People's Democratic Republic","1960-1965",29.6
"Lao People's Democratic Republic","1965-1970",29.6
"Lao People's Democratic Republic","1970-1975",29.6
"Lao People's Democratic Republic","1975-1980",29.6
"Lao People's Democratic Republic","1980-1985",29.6
"Lao People's Democratic Republic","1985-1990",29.6
"Lao People's Democratic Republic","1990-1995",29.6
"Lao People's Democratic Republic","1995-2000",29.4
"Lao People's Democratic Republic","2000-2005",28.9
"Lao People's Democratic Republic","2005-2010",28.4
"Lao People's Democratic Republic","2010-2015",28
"Lao People's Democratic Republic","2015-2020",27.5
"Latvia","1950-1955",28.2
"Latvia","1955-1960",28.2
"Latvia","1960-1965",27.8
"Latvia","1965-1970",27.2
"Latvia","1970-1975",26.9
"Latvia","1975-1980",26.4
"Latvia","1980-1985",26
"Latvia","1985-1990",26
"Latvia","1990-1995",25.6
"Latvia","1995-2000",26.5
"Latvia","2000-2005",27.6
"Latvia","2005-2010",28.4
"Latvia","2010-2015",29.4
"Latvia","2015-2020",30.2
"Lebanon","1950-1955",29.3
"Lebanon","1955-1960",29.3
"Lebanon","1960-1965",29.3
"Lebanon","1965-1970",29.3
"Lebanon","1970-1975",29.3
"Lebanon","1975-1980",29.3
"Lebanon","1980-1985",29
"Lebanon","1985-1990",28.8
"Lebanon","1990-1995",28.9
"Lebanon","1995-2000",29.1
"Lebanon","2000-2005",29.4
"Lebanon","2005-2010",29.6
"Lebanon","2010-2015",29.6
"Lebanon","2015-2020",29.7
"Lesotho","1950-1955",30.1
"Lesotho","1955-1960",30.1
"Lesotho","1960-1965",30.1
"Lesotho","1965-1970",30.1
"Lesotho","1970-1975",30.1
"Lesotho","1975-1980",30.1
"Lesotho","1980-1985",30.1
"Lesotho","1985-1990",29.9
"Lesotho","1990-1995",29.4
"Lesotho","1995-2000",29
"Lesotho","2000-2005",28.6
"Lesotho","2005-2010",28
"Lesotho","2010-2015",28
"Lesotho","2015-2020",27.8
"Liberia","1950-1955",28.2
"Liberia","1955-1960",28.2
"Liberia","1960-1965",28.2
"Liberia","1965-1970",28.5
"Liberia","1970-1975",28.9
"Liberia","1975-1980",29.3
"Liberia","1980-1985",29.5
"Liberia","1985-1990",29.7
"Liberia","1990-1995",29.8
"Liberia","1995-2000",29.7
"Liberia","2000-2005",29.4
"Liberia","2005-2010",29
"Liberia","2010-2015",28.8
"Liberia","2015-2020",28.6
"Libyan Arab Jamahiriya","1950-1955",29.3
"Libyan Arab Jamahiriya","1955-1960",29.3
"Libyan Arab Jamahiriya","1960-1965",29.3
"Libyan Arab Jamahiriya","1965-1970",29.3
"Libyan Arab Jamahiriya","1970-1975",29.3
"Libyan Arab Jamahiriya","1975-1980",30.4
"Libyan Arab Jamahiriya","1980-1985",31.3
"Libyan Arab Jamahiriya","1985-1990",32.2
"Libyan Arab Jamahiriya","1990-1995",32.4
"Libyan Arab Jamahiriya","1995-2000",32.6
"Libyan Arab Jamahiriya","2000-2005",32.9
"Libyan Arab Jamahiriya","2005-2010",32.9
"Libyan Arab Jamahiriya","2010-2015",32.9
"Libyan Arab Jamahiriya","2015-2020",32.8
"Lithuania","1950-1955",29.3
"Lithuania","1955-1960",29.4
"Lithuania","1960-1965",29.1
"Lithuania","1965-1970",28.3
"Lithuania","1970-1975",27.6
"Lithuania","1975-1980",27.1
"Lithuania","1980-1985",27
"Lithuania","1985-1990",26.5
"Lithuania","1990-1995",25.6
"Lithuania","1995-2000",26.2
"Lithuania","2000-2005",27.1
"Lithuania","2005-2010",28.1
"Lithuania","2010-2015",29
"Lithuania","2015-2020",29.7
"Luxembourg","1950-1955",27.5
"Luxembourg","1955-1960",27.5
"Luxembourg","1960-1965",27.5
"Luxembourg","1965-1970",27.1
"Luxembourg","1970-1975",27
"Luxembourg","1975-1980",27.1
"Luxembourg","1980-1985",27.6
"Luxembourg","1985-1990",28.2
"Luxembourg","1990-1995",28.5
"Luxembourg","1995-2000",29.1
"Luxembourg","2000-2005",29.5
"Luxembourg","2005-2010",30.2
"Luxembourg","2010-2015",31.1
"Luxembourg","2015-2020",31.7
"Macao Special Administrative Region of China","1950-1955",30.3
"Macao Special Administrative Region of China","1955-1960",30.3
"Macao Special Administrative Region of China","1960-1965",31.4
"Macao Special Administrative Region of China","1965-1970",31.4
"Macao Special Administrative Region of China","1970-1975",31
"Macao Special Administrative Region of China","1975-1980",29.8
"Macao Special Administrative Region of China","1980-1985",28
"Macao Special Administrative Region of China","1985-1990",29.2
"Macao Special Administrative Region of China","1990-1995",29.3
"Macao Special Administrative Region of China","1995-2000",29.7
"Macao Special Administrative Region of China","2000-2005",29.6
"Macao Special Administrative Region of China","2005-2010",30
"Macao Special Administrative Region of China","2010-2015",30.4
"Macao Special Administrative Region of China","2015-2020",30.9
"Madagascar","1950-1955",29.3
"Madagascar","1955-1960",29.3
"Madagascar","1960-1965",29.3
"Madagascar","1965-1970",29.3
"Madagascar","1970-1975",29.3
"Madagascar","1975-1980",29.3
"Madagascar","1980-1985",29.3
"Madagascar","1985-1990",29.3
"Madagascar","1990-1995",29.2
"Madagascar","1995-2000",28.8
"Madagascar","2000-2005",28.5
"Madagascar","2005-2010",28.3
"Madagascar","2010-2015",28.1
"Madagascar","2015-2020",28
"Malawi","1950-1955",29.7
"Malawi","1955-1960",29.7
"Malawi","1960-1965",29.7
"Malawi","1965-1970",29.7
"Malawi","1970-1975",29.7
"Malawi","1975-1980",29.7
"Malawi","1980-1985",29.7
"Malawi","1985-1990",29.7
"Malawi","1990-1995",29.7
"Malawi","1995-2000",29.1
"Malawi","2000-2005",29.1
"Malawi","2005-2010",29
"Malawi","2010-2015",28.3
"Malawi","2015-2020",28
"Malaysia","1950-1955",29.4
"Malaysia","1955-1960",29.4
"Malaysia","1960-1965",29.4
"Malaysia","1965-1970",29.4
"Malaysia","1970-1975",29.5
"Malaysia","1975-1980",29.4
"Malaysia","1980-1985",29.6
"Malaysia","1985-1990",30.1
"Malaysia","1990-1995",30
"Malaysia","1995-2000",30.1
"Malaysia","2000-2005",30.4
"Malaysia","2005-2010",30.5
"Malaysia","2010-2015",30.7
"Malaysia","2015-2020",30.9
"Maldives","1950-1955",28.2
"Maldives","1955-1960",28.2
"Maldives","1960-1965",28.2
"Maldives","1965-1970",28.2
"Maldives","1970-1975",28.2
"Maldives","1975-1980",28.2
"Maldives","1980-1985",28.3
"Maldives","1985-1990",28.6
"Maldives","1990-1995",29.1
"Maldives","1995-2000",29.4
"Maldives","2000-2005",29.3
"Maldives","2005-2010",29
"Maldives","2010-2015",29
"Maldives","2015-2020",29
"Mali","1950-1955",29
"Mali","1955-1960",29
"Mali","1960-1965",29.2
"Mali","1965-1970",29.3
"Mali","1970-1975",29.4
"Mali","1975-1980",29.5
"Mali","1980-1985",29.4
"Mali","1985-1990",29.3
"Mali","1990-1995",29.2
"Mali","1995-2000",29.1
"Mali","2000-2005",29.2
"Mali","2005-2010",29.1
"Mali","2010-2015",29
"Mali","2015-2020",29
"Malta","1950-1955",29
"Malta","1955-1960",29
"Malta","1960-1965",29
"Malta","1965-1970",29
"Malta","1970-1975",28.8
"Malta","1975-1980",28.6
"Malta","1980-1985",28.7
"Malta","1985-1990",28.9
"Malta","1990-1995",28.8
"Malta","1995-2000",28.5
"Malta","2000-2005",28.2
"Malta","2005-2010",29.1
"Malta","2010-2015",29.7
"Malta","2015-2020",30.4
"Martinique","1950-1955",30.3
"Martinique","1955-1960",30.3
"Martinique","1960-1965",30.3
"Martinique","1965-1970",29.8
"Martinique","1970-1975",29.3
"Martinique","1975-1980",28.8
"Martinique","1980-1985",28.3
"Martinique","1985-1990",28.5
"Martinique","1990-1995",28.8
"Martinique","1995-2000",29.1
"Martinique","2000-2005",29.4
"Martinique","2005-2010",29.7
"Martinique","2010-2015",29.9
"Martinique","2015-2020",30.2
"Mauritania","1950-1955",29.4
"Mauritania","1955-1960",29.7
"Mauritania","1960-1965",30
"Mauritania","1965-1970",30.2
"Mauritania","1970-1975",30.4
"Mauritania","1975-1980",30.5
"Mauritania","1980-1985",30.6
"Mauritania","1985-1990",30.7
"Mauritania","1990-1995",30.8
"Mauritania","1995-2000",30.7
"Mauritania","2000-2005",30.6
"Mauritania","2005-2010",30.5
"Mauritania","2010-2015",30.5
"Mauritania","2015-2020",30.4
"Mauritius","1950-1955",28.1
"Mauritius","1955-1960",28.1
"Mauritius","1960-1965",28.7
"Mauritius","1965-1970",28.7
"Mauritius","1970-1975",28.4
"Mauritius","1975-1980",27.5
"Mauritius","1980-1985",27.6
"Mauritius","1985-1990",27.1
"Mauritius","1990-1995",27.1
"Mauritius","1995-2000",27.2
"Mauritius","2000-2005",27.3
"Mauritius","2005-2010",27.3
"Mauritius","2010-2015",27.8
"Mauritius","2015-2020",28.1
"Mayotte","1950-1955",28.7
"Mayotte","1955-1960",28.7
"Mayotte","1960-1965",28.7
"Mayotte","1965-1970",28.7
"Mayotte","1970-1975",28.7
"Mayotte","1975-1980",28.7
"Mayotte","1980-1985",29
"Mayotte","1985-1990",29.3
"Mayotte","1990-1995",29.5
"Mayotte","1995-2000",29.8
"Mayotte","2000-2005",29.8
"Mayotte","2005-2010",29.8
"Mayotte","2010-2015",29.8
"Mayotte","2015-2020",29.8
"Mexico","1950-1955",29.6
"Mexico","1955-1960",29.6
"Mexico","1960-1965",29.5
"Mexico","1965-1970",29.5
"Mexico","1970-1975",29.4
"Mexico","1975-1980",28.8
"Mexico","1980-1985",28.2
"Mexico","1985-1990",27.9
"Mexico","1990-1995",27.7
"Mexico","1995-2000",27.2
"Mexico","2000-2005",27.1
"Mexico","2005-2010",26.9
"Mexico","2010-2015",26.9
"Mexico","2015-2020",26.9
"Micronesia (Federated States of)","1950-1955",30.2
"Micronesia (Federated States of)","1955-1960",30.2
"Micronesia (Federated States of)","1960-1965",30.2
"Micronesia (Federated States of)","1965-1970",30.2
"Micronesia (Federated States of)","1970-1975",30.2
"Micronesia (Federated States of)","1975-1980",30.2
"Micronesia (Federated States of)","1980-1985",30.2
"Micronesia (Federated States of)","1985-1990",30.2
"Micronesia (Federated States of)","1990-1995",30.2
"Micronesia (Federated States of)","1995-2000",30.2
"Micronesia (Federated States of)","2000-2005",30.3
"Micronesia (Federated States of)","2005-2010",30.5
"Micronesia (Federated States of)","2010-2015",30.6
"Micronesia (Federated States of)","2015-2020",30.7
"Mongolia","1950-1955",31.5
"Mongolia","1955-1960",31.5
"Mongolia","1960-1965",31.5
"Mongolia","1965-1970",31.5
"Mongolia","1970-1975",31.5
"Mongolia","1975-1980",30.8
"Mongolia","1980-1985",30.2
"Mongolia","1985-1990",29.4
"Mongolia","1990-1995",28.2
"Mongolia","1995-2000",27.8
"Mongolia","2000-2005",28
"Mongolia","2005-2010",28.5
"Mongolia","2010-2015",28.8
"Mongolia","2015-2020",29.3
"Montenegro","1950-1955",30.4
"Montenegro","1955-1960",29.3
"Montenegro","1960-1965",28.8
"Montenegro","1965-1970",27.9
"Montenegro","1970-1975",27.6
"Montenegro","1975-1980",27.8
"Montenegro","1980-1985",27.3
"Montenegro","1985-1990",27.2
"Montenegro","1990-1995",27.3
"Montenegro","1995-2000",27.9
"Montenegro","2000-2005",28.1
"Montenegro","2005-2010",28.5
"Montenegro","2010-2015",28.9
"Montenegro","2015-2020",29.3
"Morocco","1950-1955",29.2
"Morocco","1955-1960",29.2
"Morocco","1960-1965",29.2
"Morocco","1965-1970",29.2
"Morocco","1970-1975",29.6
"Morocco","1975-1980",29.9
"Morocco","1980-1985",30.5
"Morocco","1985-1990",31.1
"Morocco","1990-1995",31.1
"Morocco","1995-2000",30.6
"Morocco","2000-2005",30.4
"Morocco","2005-2010",30.4
"Morocco","2010-2015",30.4
"Morocco","2015-2020",30.4
"Mozambique","1950-1955",30.4
"Mozambique","1955-1960",30.4
"Mozambique","1960-1965",30.4
"Mozambique","1965-1970",30.4
"Mozambique","1970-1975",29.8
"Mozambique","1975-1980",29.3
"Mozambique","1980-1985",29
"Mozambique","1985-1990",29
"Mozambique","1990-1995",28.7
"Mozambique","1995-2000",28.7
"Mozambique","2000-2005",28.7
"Mozambique","2005-2010",28.7
"Mozambique","2010-2015",29
"Mozambique","2015-2020",29.1
"Myanmar","1950-1955",29.6
"Myanmar","1955-1960",29.6
"Myanmar","1960-1965",29.6
"Myanmar","1965-1970",29.6
"Myanmar","1970-1975",29.6
"Myanmar","1975-1980",29.6
"Myanmar","1980-1985",30
"Myanmar","1985-1990",30.1
"Myanmar","1990-1995",30.1
"Myanmar","1995-2000",30
"Myanmar","2000-2005",29.9
"Myanmar","2005-2010",29.8
"Myanmar","2010-2015",29.7
"Myanmar","2015-2020",29.6
"Namibia","1950-1955",30.2
"Namibia","1955-1960",30.2
"Namibia","1960-1965",30.2
"Namibia","1965-1970",30.2
"Namibia","1970-1975",30.2
"Namibia","1975-1980",30.2
"Namibia","1980-1985",30.2
"Namibia","1985-1990",30.2
"Namibia","1990-1995",30.2
"Namibia","1995-2000",30.2
"Namibia","2000-2005",29.6
"Namibia","2005-2010",29.1
"Namibia","2010-2015",28.9
"Namibia","2015-2020",28.6
"Nepal","1950-1955",29.5
"Nepal","1955-1960",29.5
"Nepal","1960-1965",29.5
"Nepal","1965-1970",29.4
"Nepal","1970-1975",29.2
"Nepal","1975-1980",28.9
"Nepal","1980-1985",28.6
"Nepal","1985-1990",28.2
"Nepal","1990-1995",27.7
"Nepal","1995-2000",27.2
"Nepal","2000-2005",26.8
"Nepal","2005-2010",26.4
"Nepal","2010-2015",26
"Nepal","2015-2020",25.7
"Netherlands","1950-1955",30.7
"Netherlands","1955-1960",30.1
"Netherlands","1960-1965",29.4
"Netherlands","1965-1970",28.5
"Netherlands","1970-1975",27.7
"Netherlands","1975-1980",27.5
"Netherlands","1980-1985",28
"Netherlands","1985-1990",28.9
"Netherlands","1990-1995",29.7
"Netherlands","1995-2000",30.2
"Netherlands","2000-2005",30.4
"Netherlands","2005-2010",30.7
"Netherlands","2010-2015",30.8
"Netherlands","2015-2020",31
"New Caledonia","1950-1955",30.5
"New Caledonia","1955-1960",30.5
"New Caledonia","1960-1965",30.5
"New Caledonia","1965-1970",29.1
"New Caledonia","1970-1975",28.5
"New Caledonia","1975-1980",27.7
"New Caledonia","1980-1985",27.5
"New Caledonia","1985-1990",28
"New Caledonia","1990-1995",28.4
"New Caledonia","1995-2000",29.6
"New Caledonia","2000-2005",28.9
"New Caledonia","2005-2010",29.3
"New Caledonia","2010-2015",29.6
"New Caledonia","2015-2020",30
"New Zealand","1950-1955",27.4
"New Zealand","1955-1960",27.4
"New Zealand","1960-1965",27.4
"New Zealand","1965-1970",26.8
"New Zealand","1970-1975",26.3
"New Zealand","1975-1980",26.4
"New Zealand","1980-1985",27
"New Zealand","1985-1990",27.6
"New Zealand","1990-1995",28.2
"New Zealand","1995-2000",28.8
"New Zealand","2000-2005",29.4
"New Zealand","2005-2010",29.6
"New Zealand","2010-2015",29.9
"New Zealand","2015-2020",30.1
"Nicaragua","1950-1955",28.9
"Nicaragua","1955-1960",28.9
"Nicaragua","1960-1965",28.9
"Nicaragua","1965-1970",28.7
"Nicaragua","1970-1975",28.5
"Nicaragua","1975-1980",28.3
"Nicaragua","1980-1985",28.1
"Nicaragua","1985-1990",27.5
"Nicaragua","1990-1995",27.6
"Nicaragua","1995-2000",26.9
"Nicaragua","2000-2005",26.7
"Nicaragua","2005-2010",26.6
"Nicaragua","2010-2015",26.6
"Nicaragua","2015-2020",26.6
"Niger","1950-1955",28.9
"Niger","1955-1960",29
"Niger","1960-1965",29
"Niger","1965-1970",29.1
"Niger","1970-1975",29.1
"Niger","1975-1980",29.1
"Niger","1980-1985",29.1
"Niger","1985-1990",29.1
"Niger","1990-1995",29.1
"Niger","1995-2000",29.1
"Niger","2000-2005",29.1
"Niger","2005-2010",29.1
"Niger","2010-2015",29.1
"Niger","2015-2020",29.1
"Nigeria","1950-1955",29.5
"Nigeria","1955-1960",29.5
"Nigeria","1960-1965",29.5
"Nigeria","1965-1970",29.5
"Nigeria","1970-1975",29.6
"Nigeria","1975-1980",29.6
"Nigeria","1980-1985",29.7
"Nigeria","1985-1990",29.7
"Nigeria","1990-1995",29.7
"Nigeria","1995-2000",29.7
"Nigeria","2000-2005",29.8
"Nigeria","2005-2010",29.9
"Nigeria","2010-2015",29.8
"Nigeria","2015-2020",29.8
"Norway","1950-1955",29.5
"Norway","1955-1960",28.7
"Norway","1960-1965",28.3
"Norway","1965-1970",27.9
"Norway","1970-1975",27.3
"Norway","1975-1980",27.2
"Norway","1980-1985",27.6
"Norway","1985-1990",27.8
"Norway","1990-1995",28.4
"Norway","1995-2000",29
"Norway","2000-2005",29.5
"Norway","2005-2010",29.9
"Norway","2010-2015",30.4
"Norway","2015-2020",30.7
"Occupied Palestinian Territory","1950-1955",29.9
"Occupied Palestinian Territory","1955-1960",29.9
"Occupied Palestinian Territory","1960-1965",29.9
"Occupied Palestinian Territory","1965-1970",29.9
"Occupied Palestinian Territory","1970-1975",29.9
"Occupied Palestinian Territory","1975-1980",29.9
"Occupied Palestinian Territory","1980-1985",30
"Occupied Palestinian Territory","1985-1990",29.5
"Occupied Palestinian Territory","1990-1995",29.1
"Occupied Palestinian Territory","1995-2000",28.8
"Occupied Palestinian Territory","2000-2005",28.9
"Occupied Palestinian Territory","2005-2010",28.9
"Occupied Palestinian Territory","2010-2015",28.9
"Occupied Palestinian Territory","2015-2020",28.9
"Oman","1950-1955",31.6
"Oman","1955-1960",31.6
"Oman","1960-1965",31.6
"Oman","1965-1970",31.6
"Oman","1970-1975",31.4
"Oman","1975-1980",31.1
"Oman","1980-1985",31.1
"Oman","1985-1990",31
"Oman","1990-1995",30.7
"Oman","1995-2000",30.5
"Oman","2000-2005",30.6
"Oman","2005-2010",30.8
"Oman","2010-2015",31
"Oman","2015-2020",31.1
"Pakistan","1950-1955",29.9
"Pakistan","1955-1960",29.9
"Pakistan","1960-1965",29.9
"Pakistan","1965-1970",29.9
"Pakistan","1970-1975",30
"Pakistan","1975-1980",30
"Pakistan","1980-1985",30
"Pakistan","1985-1990",29.9
"Pakistan","1990-1995",29.9
"Pakistan","1995-2000",29.8
"Pakistan","2000-2005",29.7
"Pakistan","2005-2010",29.4
"Pakistan","2010-2015",28.9
"Pakistan","2015-2020",28.6
"Panama","1950-1955",28.3
"Panama","1955-1960",28.3
"Panama","1960-1965",28.3
"Panama","1965-1970",28
"Panama","1970-1975",27.6
"Panama","1975-1980",27.3
"Panama","1980-1985",27.1
"Panama","1985-1990",27
"Panama","1990-1995",26.6
"Panama","1995-2000",26.7
"Panama","2000-2005",26.7
"Panama","2005-2010",26.7
"Panama","2010-2015",26.7
"Panama","2015-2020",26.7
"Papua New Guinea","1950-1955",30.4
"Papua New Guinea","1955-1960",30.4
"Papua New Guinea","1960-1965",30.4
"Papua New Guinea","1965-1970",30.4
"Papua New Guinea","1970-1975",30.4
"Papua New Guinea","1975-1980",30.3
"Papua New Guinea","1980-1985",30.1
"Papua New Guinea","1985-1990",30
"Papua New Guinea","1990-1995",29.9
"Papua New Guinea","1995-2000",29.8
"Papua New Guinea","2000-2005",29.8
"Papua New Guinea","2005-2010",29.8
"Papua New Guinea","2010-2015",29.8
"Papua New Guinea","2015-2020",29.8
"Paraguay","1950-1955",30.1
"Paraguay","1955-1960",30.1
"Paraguay","1960-1965",30.1
"Paraguay","1965-1970",29.9
"Paraguay","1970-1975",29.7
"Paraguay","1975-1980",29.6
"Paraguay","1980-1985",29.5
"Paraguay","1985-1990",29.3
"Paraguay","1990-1995",28.9
"Paraguay","1995-2000",28.5
"Paraguay","2000-2005",28.5
"Paraguay","2005-2010",28.3
"Paraguay","2010-2015",28.3
"Paraguay","2015-2020",28.2
"Peru","1950-1955",29.9
"Peru","1955-1960",29.9
"Peru","1960-1965",29.9
"Peru","1965-1970",30.3
"Peru","1970-1975",30
"Peru","1975-1980",29.4
"Peru","1980-1985",29.7
"Peru","1985-1990",29.4
"Peru","1990-1995",28.9
"Peru","1995-2000",28.6
"Peru","2000-2005",28.7
"Peru","2005-2010",28.8
"Peru","2010-2015",28.8
"Peru","2015-2020",28.8
"Philippines","1950-1955",30.7
"Philippines","1955-1960",30.7
"Philippines","1960-1965",30.7
"Philippines","1965-1970",30.7
"Philippines","1970-1975",30.7
"Philippines","1975-1980",30.4
"Philippines","1980-1985",30.2
"Philippines","1985-1990",29.9
"Philippines","1990-1995",29.4
"Philippines","1995-2000",29.2
"Philippines","2000-2005",28.9
"Philippines","2005-2010",28.8
"Philippines","2010-2015",28.9
"Philippines","2015-2020",28.9
"Poland","1950-1955",28.9
"Poland","1955-1960",28.1
"Poland","1960-1965",27.3
"Poland","1965-1970",27.2
"Poland","1970-1975",27
"Poland","1975-1980",26.7
"Poland","1980-1985",26.5
"Poland","1985-1990",26.3
"Poland","1990-1995",26.4
"Poland","1995-2000",27.1
"Poland","2000-2005",27.8
"Poland","2005-2010",28.5
"Poland","2010-2015",28.9
"Poland","2015-2020",29.5
"Portugal","1950-1955",30.2
"Portugal","1955-1960",29.8
"Portugal","1960-1965",29.6
"Portugal","1965-1970",29.3
"Portugal","1970-1975",29
"Portugal","1975-1980",28.1
"Portugal","1980-1985",27.2
"Portugal","1985-1990",27.2
"Portugal","1990-1995",27.7
"Portugal","1995-2000",28.3
"Portugal","2000-2005",28.9
"Portugal","2005-2010",29.5
"Portugal","2010-2015",30.2
"Portugal","2015-2020",30.8
"Puerto Rico","1950-1955",27.5
"Puerto Rico","1955-1960",27.5
"Puerto Rico","1960-1965",27.5
"Puerto Rico","1965-1970",27.1
"Puerto Rico","1970-1975",26.9
"Puerto Rico","1975-1980",26.5
"Puerto Rico","1980-1985",26.2
"Puerto Rico","1985-1990",26.1
"Puerto Rico","1990-1995",25.9
"Puerto Rico","1995-2000",25.9
"Puerto Rico","2000-2005",25.9
"Puerto Rico","2005-2010",26.5
"Puerto Rico","2010-2015",26.5
"Puerto Rico","2015-2020",26.9
"Qatar","1950-1955",28.1
"Qatar","1955-1960",28.1
"Qatar","1960-1965",28.1
"Qatar","1965-1970",28.1
"Qatar","1970-1975",28.1
"Qatar","1975-1980",28.1
"Qatar","1980-1985",28.1
"Qatar","1985-1990",28.1
"Qatar","1990-1995",28.6
"Qatar","1995-2000",29
"Qatar","2000-2005",30
"Qatar","2005-2010",30.2
"Qatar","2010-2015",29.9
"Qatar","2015-2020",29.9
"Republic of Korea","1950-1955",30.5
"Republic of Korea","1955-1960",30.5
"Republic of Korea","1960-1965",30.2
"Republic of Korea","1965-1970",29.8
"Republic of Korea","1970-1975",29.3
"Republic of Korea","1975-1980",28.1
"Republic of Korea","1980-1985",27.1
"Republic of Korea","1985-1990",26.8
"Republic of Korea","1990-1995",27.6
"Republic of Korea","1995-2000",28.4
"Republic of Korea","2000-2005",29.3
"Republic of Korea","2005-2010",30.2
"Republic of Korea","2010-2015",31.3
"Republic of Korea","2015-2020",32.3
"Republic of Moldova","1950-1955",29.1
"Republic of Moldova","1955-1960",29.1
"Republic of Moldova","1960-1965",29.1
"Republic of Moldova","1965-1970",28.6
"Republic of Moldova","1970-1975",27.7
"Republic of Moldova","1975-1980",26.7
"Republic of Moldova","1980-1985",26.5
"Republic of Moldova","1985-1990",26.3
"Republic of Moldova","1990-1995",25
"Republic of Moldova","1995-2000",25.1
"Republic of Moldova","2000-2005",25.9
"Republic of Moldova","2005-2010",26.5
"Republic of Moldova","2010-2015",26.8
"Republic of Moldova","2015-2020",27.4
"Reunion","1950-1955",30.4
"Reunion","1955-1960",30.3
"Reunion","1960-1965",30.2
"Reunion","1965-1970",29.8
"Reunion","1970-1975",28.7
"Reunion","1975-1980",28.4
"Reunion","1980-1985",27.9
"Reunion","1985-1990",28.2
"Reunion","1990-1995",27.7
"Reunion","1995-2000",28.3
"Reunion","2000-2005",28.9
"Reunion","2005-2010",28.5
"Reunion","2010-2015",28.5
"Reunion","2015-2020",28.3
"Romania","1950-1955",27.8
"Romania","1955-1960",27.4
"Romania","1960-1965",26.3
"Romania","1965-1970",26.6
"Romania","1970-1975",26.4
"Romania","1975-1980",25.9
"Romania","1980-1985",25.1
"Romania","1985-1990",25.7
"Romania","1990-1995",25
"Romania","1995-2000",25.3
"Romania","2000-2005",26.1
"Romania","2005-2010",26.9
"Romania","2010-2015",27.3
"Romania","2015-2020",28
"Russian Federation","1950-1955",29.3
"Russian Federation","1955-1960",28.6
"Russian Federation","1960-1965",27.8
"Russian Federation","1965-1970",27.3
"Russian Federation","1970-1975",26.6
"Russian Federation","1975-1980",26
"Russian Federation","1980-1985",25.8
"Russian Federation","1985-1990",25.9
"Russian Federation","1990-1995",24.8
"Russian Federation","1995-2000",25.3
"Russian Federation","2000-2005",26.2
"Russian Federation","2005-2010",27
"Russian Federation","2010-2015",27.9
"Russian Federation","2015-2020",28.8
"Rwanda","1950-1955",31.6
"Rwanda","1955-1960",31.6
"Rwanda","1960-1965",31.6
"Rwanda","1965-1970",31.6
"Rwanda","1970-1975",31.6
"Rwanda","1975-1980",31.6
"Rwanda","1980-1985",31.6
"Rwanda","1985-1990",31.4
"Rwanda","1990-1995",31.2
"Rwanda","1995-2000",30.9
"Rwanda","2000-2005",30.9
"Rwanda","2005-2010",30.8
"Rwanda","2010-2015",30.3
"Rwanda","2015-2020",30
"Saint Lucia","1950-1955",27.8
"Saint Lucia","1955-1960",28.4
"Saint Lucia","1960-1965",28.7
"Saint Lucia","1965-1970",28.4
"Saint Lucia","1970-1975",28.1
"Saint Lucia","1975-1980",27.7
"Saint Lucia","1980-1985",26.9
"Saint Lucia","1985-1990",26.8
"Saint Lucia","1990-1995",27.2
"Saint Lucia","1995-2000",27.7
"Saint Lucia","2000-2005",27.9
"Saint Lucia","2005-2010",27.8
"Saint Lucia","2010-2015",27.7
"Saint Lucia","2015-2020",27.7
"Saint Vincent and the Grenadines","1950-1955",28
"Saint Vincent and the Grenadines","1955-1960",28
"Saint Vincent and the Grenadines","1960-1965",27.9
"Saint Vincent and the Grenadines","1965-1970",27.8
"Saint Vincent and the Grenadines","1970-1975",27.7
"Saint Vincent and the Grenadines","1975-1980",27.6
"Saint Vincent and the Grenadines","1980-1985",27.4
"Saint Vincent and the Grenadines","1985-1990",27.3
"Saint Vincent and the Grenadines","1990-1995",27.2
"Saint Vincent and the Grenadines","1995-2000",27.4
"Saint Vincent and the Grenadines","2000-2005",27.3
"Saint Vincent and the Grenadines","2005-2010",27.2
"Saint Vincent and the Grenadines","2010-2015",27.1
"Saint Vincent and the Grenadines","2015-2020",27.1
"Samoa","1950-1955",30.3
"Samoa","1955-1960",30.3
"Samoa","1960-1965",30.3
"Samoa","1965-1970",30.4
"Samoa","1970-1975",30.3
"Samoa","1975-1980",30.6
"Samoa","1980-1985",30.8
"Samoa","1985-1990",31
"Samoa","1990-1995",31.2
"Samoa","1995-2000",29.8
"Samoa","2000-2005",30
"Samoa","2005-2010",30.1
"Samoa","2010-2015",30.2
"Samoa","2015-2020",30.3
"Sao Tome and Principe","1950-1955",28.2
"Sao Tome and Principe","1955-1960",28.2
"Sao Tome and Principe","1960-1965",28.2
"Sao Tome and Principe","1965-1970",28.2
"Sao Tome and Principe","1970-1975",28.2
"Sao Tome and Principe","1975-1980",28.2
"Sao Tome and Principe","1980-1985",28.2
"Sao Tome and Principe","1985-1990",28.2
"Sao Tome and Principe","1990-1995",28.3
"Sao Tome and Principe","1995-2000",28.4
"Sao Tome and Principe","2000-2005",28.5
"Sao Tome and Principe","2005-2010",28.6
"Sao Tome and Principe","2010-2015",28.7
"Sao Tome and Principe","2015-2020",28.8
"Saudi Arabia","1950-1955",30.6
"Saudi Arabia","1955-1960",30.6
"Saudi Arabia","1960-1965",30.6
"Saudi Arabia","1965-1970",30.6
"Saudi Arabia","1970-1975",30.6
"Saudi Arabia","1975-1980",30.6
"Saudi Arabia","1980-1985",30.6
"Saudi Arabia","1985-1990",30.8
"Saudi Arabia","1990-1995",31.2
"Saudi Arabia","1995-2000",31.5
"Saudi Arabia","2000-2005",31.6
"Saudi Arabia","2005-2010",31.8
"Saudi Arabia","2010-2015",32.1
"Saudi Arabia","2015-2020",32.2
"Senegal","1950-1955",28.6
"Senegal","1955-1960",28.9
"Senegal","1960-1965",29.2
"Senegal","1965-1970",29.4
"Senegal","1970-1975",29.6
"Senegal","1975-1980",29.7
"Senegal","1980-1985",29.9
"Senegal","1985-1990",30.1
"Senegal","1990-1995",30.2
"Senegal","1995-2000",30.1
"Senegal","2000-2005",29.9
"Senegal","2005-2010",29.9
"Senegal","2010-2015",30.2
"Senegal","2015-2020",30.3
"Serbia","1950-1955",28
"Serbia","1955-1960",26.7
"Serbia","1960-1965",26.4
"Serbia","1965-1970",26
"Serbia","1970-1975",26
"Serbia","1975-1980",26.2
"Serbia","1980-1985",26.2
"Serbia","1985-1990",26.2
"Serbia","1990-1995",26.5
"Serbia","1995-2000",26.8
"Serbia","2000-2005",27.2
"Serbia","2005-2010",27.8
"Serbia","2010-2015",28.5
"Serbia","2015-2020",29.2
"Seychelles","1950-1955",27.8
"Seychelles","1955-1960",27.8
"Seychelles","1960-1965",27.8
"Seychelles","1965-1970",27.8
"Seychelles","1970-1975",27.8
"Seychelles","1975-1980",27.8
"Seychelles","1980-1985",28
"Seychelles","1985-1990",27.7
"Seychelles","1990-1995",27.3
"Seychelles","1995-2000",27.1
"Seychelles","2000-2005",27.3
"Seychelles","2005-2010",27.5
"Seychelles","2010-2015",27.4
"Seychelles","2015-2020",27.5
"Sierra Leone","1950-1955",28.7
"Sierra Leone","1955-1960",28.7
"Sierra Leone","1960-1965",28.7
"Sierra Leone","1965-1970",28.7
"Sierra Leone","1970-1975",28.7
"Sierra Leone","1975-1980",28.7
"Sierra Leone","1980-1985",28.7
"Sierra Leone","1985-1990",29.3
"Sierra Leone","1990-1995",29.7
"Sierra Leone","1995-2000",29.9
"Sierra Leone","2000-2005",29.8
"Sierra Leone","2005-2010",29.4
"Sierra Leone","2010-2015",29
"Sierra Leone","2015-2020",28.7
"Singapore","1950-1955",29
"Singapore","1955-1960",29.3
"Singapore","1960-1965",29.7
"Singapore","1965-1970",29.1
"Singapore","1970-1975",28.6
"Singapore","1975-1980",28.2
"Singapore","1980-1985",28.4
"Singapore","1985-1990",29.2
"Singapore","1990-1995",29.6
"Singapore","1995-2000",29.9
"Singapore","2000-2005",30.1
"Singapore","2005-2010",30.5
"Singapore","2010-2015",31.2
"Singapore","2015-2020",31.3
"Slovakia","1950-1955",28.1
"Slovakia","1955-1960",27.4
"Slovakia","1960-1965",26.8
"Slovakia","1965-1970",26.5
"Slovakia","1970-1975",26.2
"Slovakia","1975-1980",25.7
"Slovakia","1980-1985",25.3
"Slovakia","1985-1990",25.1
"Slovakia","1990-1995",25.2
"Slovakia","1995-2000",26.1
"Slovakia","2000-2005",27.2
"Slovakia","2005-2010",28.2
"Slovakia","2010-2015",28.8
"Slovakia","2015-2020",29.6
"Slovenia","1950-1955",29.7
"Slovenia","1955-1960",28.6
"Slovenia","1960-1965",27.5
"Slovenia","1965-1970",26.9
"Slovenia","1970-1975",26.2
"Slovenia","1975-1980",25.6
"Slovenia","1980-1985",25.5
"Slovenia","1985-1990",25.5
"Slovenia","1990-1995",26.2
"Slovenia","1995-2000",27.6
"Slovenia","2000-2005",28.8
"Slovenia","2005-2010",29.8
"Slovenia","2010-2015",30.1
"Slovenia","2015-2020",30.7
"Solomon Islands","1950-1955",31.5
"Solomon Islands","1955-1960",31.5
"Solomon Islands","1960-1965",31.5
"Solomon Islands","1965-1970",31.5
"Solomon Islands","1970-1975",30.1
"Solomon Islands","1975-1980",29.8
"Solomon Islands","1980-1985",29.6
"Solomon Islands","1985-1990",29.4
"Solomon Islands","1990-1995",29.3
"Solomon Islands","1995-2000",29.2
"Solomon Islands","2000-2005",29.2
"Solomon Islands","2005-2010",29.4
"Solomon Islands","2010-2015",29.6
"Solomon Islands","2015-2020",29.8
"Somalia","1950-1955",32.2
"Somalia","1955-1960",32.2
"Somalia","1960-1965",32.2
"Somalia","1965-1970",32.2
"Somalia","1970-1975",32.2
"Somalia","1975-1980",32.2
"Somalia","1980-1985",32.2
"Somalia","1985-1990",31.9
"Somalia","1990-1995",31.6
"Somalia","1995-2000",31.4
"Somalia","2000-2005",31.2
"Somalia","2005-2010",30.4
"Somalia","2010-2015",30.1
"Somalia","2015-2020",29.7
"South Africa","1950-1955",31.1
"South Africa","1955-1960",31.1
"South Africa","1960-1965",31.1
"South Africa","1965-1970",31.1
"South Africa","1970-1975",30.6
"South Africa","1975-1980",30.1
"South Africa","1980-1985",29.6
"South Africa","1985-1990",29.1
"South Africa","1990-1995",28.5
"South Africa","1995-2000",28.3
"South Africa","2000-2005",28.2
"South Africa","2005-2010",28.2
"South Africa","2010-2015",28.3
"South Africa","2015-2020",28.3
"South Sudan","1950-1955",29.2
"South Sudan","1955-1960",29.2
"South Sudan","1960-1965",29.2
"South Sudan","1965-1970",29.2
"South Sudan","1970-1975",29.3
"South Sudan","1975-1980",29.4
"South Sudan","1980-1985",29.6
"South Sudan","1985-1990",29.8
"South Sudan","1990-1995",29.9
"South Sudan","1995-2000",30.1
"South Sudan","2000-2005",30.3
"South Sudan","2005-2010",30.1
"South Sudan","2010-2015",29.8
"South Sudan","2015-2020",29.6
"Spain","1950-1955",30.5
"Spain","1955-1960",30.1
"Spain","1960-1965",30
"Spain","1965-1970",29.8
"Spain","1970-1975",29.1
"Spain","1975-1980",28.5
"Spain","1980-1985",28.4
"Spain","1985-1990",28.6
"Spain","1990-1995",29.4
"Spain","1995-2000",30.4
"Spain","2000-2005",30.8
"Spain","2005-2010",30.9
"Spain","2010-2015",31.6
"Spain","2015-2020",32
"Sri Lanka","1950-1955",29.2
"Sri Lanka","1955-1960",29.2
"Sri Lanka","1960-1965",29.2
"Sri Lanka","1965-1970",29.4
"Sri Lanka","1970-1975",29.7
"Sri Lanka","1975-1980",29.2
"Sri Lanka","1980-1985",28.7
"Sri Lanka","1985-1990",28.7
"Sri Lanka","1990-1995",29.1
"Sri Lanka","1995-2000",29.3
"Sri Lanka","2000-2005",28.9
"Sri Lanka","2005-2010",29.2
"Sri Lanka","2010-2015",29.7
"Sri Lanka","2015-2020",30
"Sudan","1950-1955",29.3
"Sudan","1955-1960",29.3
"Sudan","1960-1965",29.3
"Sudan","1965-1970",29.3
"Sudan","1970-1975",29.3
"Sudan","1975-1980",29.7
"Sudan","1980-1985",29.9
"Sudan","1985-1990",30.4
"Sudan","1990-1995",30.2
"Sudan","1995-2000",29.9
"Sudan","2000-2005",29.3
"Sudan","2005-2010",29.2
"Sudan","2010-2015",29.8
"Sudan","2015-2020",30
"Suriname","1950-1955",27.1
"Suriname","1955-1960",27.2
"Suriname","1960-1965",27.3
"Suriname","1965-1970",27.4
"Suriname","1970-1975",27.5
"Suriname","1975-1980",27.6
"Suriname","1980-1985",27.7
"Suriname","1985-1990",27.8
"Suriname","1990-1995",28
"Suriname","1995-2000",28.1
"Suriname","2000-2005",28.2
"Suriname","2005-2010",28.3
"Suriname","2010-2015",28.4
"Suriname","2015-2020",28.5
"Swaziland","1950-1955",30.5
"Swaziland","1955-1960",30.3
"Swaziland","1960-1965",30
"Swaziland","1965-1970",29.8
"Swaziland","1970-1975",29.6
"Swaziland","1975-1980",29.5
"Swaziland","1980-1985",29.3
"Swaziland","1985-1990",29.2
"Swaziland","1990-1995",29.1
"Swaziland","1995-2000",28.8
"Swaziland","2000-2005",28.5
"Swaziland","2005-2010",28.4
"Swaziland","2010-2015",28
"Swaziland","2015-2020",27.8
"Sweden","1950-1955",27.9
"Sweden","1955-1960",27.6
"Sweden","1960-1965",27.3
"Sweden","1965-1970",27
"Sweden","1970-1975",26.8
"Sweden","1975-1980",27.1
"Sweden","1980-1985",28
"Sweden","1985-1990",28.5
"Sweden","1990-1995",28.9
"Sweden","1995-2000",29.6
"Sweden","2000-2005",30.2
"Sweden","2005-2010",30.6
"Sweden","2010-2015",30.8
"Sweden","2015-2020",30.9
"Switzerland","1950-1955",29.4
"Switzerland","1955-1960",29
"Switzerland","1960-1965",28.4
"Switzerland","1965-1970",28
"Switzerland","1970-1975",27.6
"Switzerland","1975-1980",27.7
"Switzerland","1980-1985",28
"Switzerland","1985-1990",28.7
"Switzerland","1990-1995",29.2
"Switzerland","1995-2000",29.6
"Switzerland","2000-2005",30.2
"Switzerland","2005-2010",30.9
"Switzerland","2010-2015",31.4
"Switzerland","2015-2020",31.9
"Syrian Arab Republic","1950-1955",29.1
"Syrian Arab Republic","1955-1960",29.1
"Syrian Arab Republic","1960-1965",29.1
"Syrian Arab Republic","1965-1970",29.3
"Syrian Arab Republic","1970-1975",29.7
"Syrian Arab Republic","1975-1980",30
"Syrian Arab Republic","1980-1985",30.2
"Syrian Arab Republic","1985-1990",30.4
"Syrian Arab Republic","1990-1995",30.2
"Syrian Arab Republic","1995-2000",29.7
"Syrian Arab Republic","2000-2005",29.5
"Syrian Arab Republic","2005-2010",29.4
"Syrian Arab Republic","2010-2015",29.4
"Syrian Arab Republic","2015-2020",29.4
"Taiwan Province of China","1950-1955",30.6
"Taiwan Province of China","1955-1960",30.2
"Taiwan Province of China","1960-1965",29.3
"Taiwan Province of China","1965-1970",28
"Taiwan Province of China","1970-1975",27.2
"Taiwan Province of China","1975-1980",26.4
"Taiwan Province of China","1980-1985",26.3
"Taiwan Province of China","1985-1990",26.8
"Taiwan Province of China","1990-1995",27.3
"Taiwan Province of China","1995-2000",27.9
"Taiwan Province of China","2000-2005",28.4
"Taiwan Province of China","2005-2010",29.6
"Taiwan Province of China","2010-2015",30.8
"Taiwan Province of China","2015-2020",31.9
"Tajikistan","1950-1955",29.7
"Tajikistan","1955-1960",29.5
"Tajikistan","1960-1965",29.3
"Tajikistan","1965-1970",29
"Tajikistan","1970-1975",28.6
"Tajikistan","1975-1980",28.2
"Tajikistan","1980-1985",27.9
"Tajikistan","1985-1990",27.9
"Tajikistan","1990-1995",28
"Tajikistan","1995-2000",28.2
"Tajikistan","2000-2005",28.2
"Tajikistan","2005-2010",27.9
"Tajikistan","2010-2015",27.9
"Tajikistan","2015-2020",27.8
"Thailand","1950-1955",30.8
"Thailand","1955-1960",30.8
"Thailand","1960-1965",30.8
"Thailand","1965-1970",30.7
"Thailand","1970-1975",30.2
"Thailand","1975-1980",29.3
"Thailand","1980-1985",28.3
"Thailand","1985-1990",27.6
"Thailand","1990-1995",27.2
"Thailand","1995-2000",27
"Thailand","2000-2005",27.1
"Thailand","2005-2010",27.1
"Thailand","2010-2015",27.2
"Thailand","2015-2020",27.3
"The former Yugoslav Republic of Macedonia","1950-1955",30.4
"The former Yugoslav Republic of Macedonia","1955-1960",29.4
"The former Yugoslav Republic of Macedonia","1960-1965",28.4
"The former Yugoslav Republic of Macedonia","1965-1970",27.7
"The former Yugoslav Republic of Macedonia","1970-1975",27.2
"The former Yugoslav Republic of Macedonia","1975-1980",26.6
"The former Yugoslav Republic of Macedonia","1980-1985",26
"The former Yugoslav Republic of Macedonia","1985-1990",25.8
"The former Yugoslav Republic of Macedonia","1990-1995",25.8
"The former Yugoslav Republic of Macedonia","1995-2000",26.1
"The former Yugoslav Republic of Macedonia","2000-2005",26.8
"The former Yugoslav Republic of Macedonia","2005-2010",27.3
"The former Yugoslav Republic of Macedonia","2010-2015",28.2
"The former Yugoslav Republic of Macedonia","2015-2020",29
"Timor-Leste","1950-1955",29.8
"Timor-Leste","1955-1960",29.8
"Timor-Leste","1960-1965",29.8
"Timor-Leste","1965-1970",29.8
"Timor-Leste","1970-1975",29.8
"Timor-Leste","1975-1980",29.8
"Timor-Leste","1980-1985",29.8
"Timor-Leste","1985-1990",29.8
"Timor-Leste","1990-1995",29.8
"Timor-Leste","1995-2000",30.3
"Timor-Leste","2000-2005",30.9
"Timor-Leste","2005-2010",30.9
"Timor-Leste","2010-2015",30.5
"Timor-Leste","2015-2020",30.3
"Togo","1950-1955",28.2
"Togo","1955-1960",28.7
"Togo","1960-1965",29.3
"Togo","1965-1970",30
"Togo","1970-1975",30.5
"Togo","1975-1980",30.8
"Togo","1980-1985",30.7
"Togo","1985-1990",30.5
"Togo","1990-1995",30.3
"Togo","1995-2000",30
"Togo","2000-2005",29.7
"Togo","2005-2010",29.5
"Togo","2010-2015",29.2
"Togo","2015-2020",28.9
"Tonga","1950-1955",31.6
"Tonga","1955-1960",31.6
"Tonga","1960-1965",32
"Tonga","1965-1970",31.1
"Tonga","1970-1975",31
"Tonga","1975-1980",30.9
"Tonga","1980-1985",30.8
"Tonga","1985-1990",30.8
"Tonga","1990-1995",30.9
"Tonga","1995-2000",31
"Tonga","2000-2005",31.1
"Tonga","2005-2010",31.1
"Tonga","2010-2015",31.1
"Tonga","2015-2020",31.1
"Trinidad and Tobago","1950-1955",27
"Trinidad and Tobago","1955-1960",27.3
"Trinidad and Tobago","1960-1965",27.2
"Trinidad and Tobago","1965-1970",27.2
"Trinidad and Tobago","1970-1975",27.2
"Trinidad and Tobago","1975-1980",27.2
"Trinidad and Tobago","1980-1985",27.2
"Trinidad and Tobago","1985-1990",27.2
"Trinidad and Tobago","1990-1995",27.3
"Trinidad and Tobago","1995-2000",27.3
"Trinidad and Tobago","2000-2005",27.3
"Trinidad and Tobago","2005-2010",27.7
"Trinidad and Tobago","2010-2015",27.7
"Trinidad and Tobago","2015-2020",27.8
"Tunisia","1950-1955",30.7
"Tunisia","1955-1960",30.7
"Tunisia","1960-1965",30.6
"Tunisia","1965-1970",30.7
"Tunisia","1970-1975",30.9
"Tunisia","1975-1980",30.7
"Tunisia","1980-1985",30.5
"Tunisia","1985-1990",30.5
"Tunisia","1990-1995",30.5
"Tunisia","1995-2000",30.6
"Tunisia","2000-2005",31.1
"Tunisia","2005-2010",31.1
"Tunisia","2010-2015",31.1
"Tunisia","2015-2020",31
"Turkey","1950-1955",28.6
"Turkey","1955-1960",28.4
"Turkey","1960-1965",28.2
"Turkey","1965-1970",28.1
"Turkey","1970-1975",27.9
"Turkey","1975-1980",27.6
"Turkey","1980-1985",27.4
"Turkey","1985-1990",27.3
"Turkey","1990-1995",27.2
"Turkey","1995-2000",27.2
"Turkey","2000-2005",27.3
"Turkey","2005-2010",27.6
"Turkey","2010-2015",28.2
"Turkey","2015-2020",28.6
"Turkmenistan","1950-1955",30.7
"Turkmenistan","1955-1960",30.9
"Turkmenistan","1960-1965",30.9
"Turkmenistan","1965-1970",30.9
"Turkmenistan","1970-1975",30.7
"Turkmenistan","1975-1980",30.2
"Turkmenistan","1980-1985",29.6
"Turkmenistan","1985-1990",29.1
"Turkmenistan","1990-1995",28.4
"Turkmenistan","1995-2000",27.7
"Turkmenistan","2000-2005",27.5
"Turkmenistan","2005-2010",27.7
"Turkmenistan","2010-2015",27.7
"Turkmenistan","2015-2020",27.9
"Uganda","1950-1955",29.1
"Uganda","1955-1960",29.1
"Uganda","1960-1965",29.1
"Uganda","1965-1970",29.1
"Uganda","1970-1975",29.1
"Uganda","1975-1980",29.1
"Uganda","1980-1985",29.1
"Uganda","1985-1990",29
"Uganda","1990-1995",28.7
"Uganda","1995-2000",28.7
"Uganda","2000-2005",28.6
"Uganda","2005-2010",28.4
"Uganda","2010-2015",28.3
"Uganda","2015-2020",28.1
"Ukraine","1950-1955",28.2
"Ukraine","1955-1960",27.7
"Ukraine","1960-1965",27.2
"Ukraine","1965-1970",26.7
"Ukraine","1970-1975",26.2
"Ukraine","1975-1980",25.7
"Ukraine","1980-1985",25.2
"Ukraine","1985-1990",24.8
"Ukraine","1990-1995",24.6
"Ukraine","1995-2000",24.7
"Ukraine","2000-2005",25.5
"Ukraine","2005-2010",26.4
"Ukraine","2010-2015",27.1
"Ukraine","2015-2020",28
"United Arab Emirates","1950-1955",28.8
"United Arab Emirates","1955-1960",28.8
"United Arab Emirates","1960-1965",28.8
"United Arab Emirates","1965-1970",28.8
"United Arab Emirates","1970-1975",28.8
"United Arab Emirates","1975-1980",28.8
"United Arab Emirates","1980-1985",29.1
"United Arab Emirates","1985-1990",29.8
"United Arab Emirates","1990-1995",30.4
"United Arab Emirates","1995-2000",30.6
"United Arab Emirates","2000-2005",29.5
"United Arab Emirates","2005-2010",27.6
"United Arab Emirates","2010-2015",27.3
"United Arab Emirates","2015-2020",26.7
"United Kingdom of Great Britain and Northern Ireland","1950-1955",25.9
"United Kingdom of Great Britain and Northern Ireland","1955-1960",25.9
"United Kingdom of Great Britain and Northern Ireland","1960-1965",25.9
"United Kingdom of Great Britain and Northern Ireland","1965-1970",26.2
"United Kingdom of Great Britain and Northern Ireland","1970-1975",26.5
"United Kingdom of Great Britain and Northern Ireland","1975-1980",26.8
"United Kingdom of Great Britain and Northern Ireland","1980-1985",27.2
"United Kingdom of Great Britain and Northern Ireland","1985-1990",27.4
"United Kingdom of Great Britain and Northern Ireland","1990-1995",27.9
"United Kingdom of Great Britain and Northern Ireland","1995-2000",28.3
"United Kingdom of Great Britain and Northern Ireland","2000-2005",28.8
"United Kingdom of Great Britain and Northern Ireland","2005-2010",29.3
"United Kingdom of Great Britain and Northern Ireland","2010-2015",30
"United Kingdom of Great Britain and Northern Ireland","2015-2020",30.4
"United Republic of Tanzania","1950-1955",29.5
"United Republic of Tanzania","1955-1960",29.5
"United Republic of Tanzania","1960-1965",29.5
"United Republic of Tanzania","1965-1970",29.5
"United Republic of Tanzania","1970-1975",29.5
"United Republic of Tanzania","1975-1980",29.5
"United Republic of Tanzania","1980-1985",29.5
"United Republic of Tanzania","1985-1990",29.5
"United Republic of Tanzania","1990-1995",29.4
"United Republic of Tanzania","1995-2000",29.1
"United Republic of Tanzania","2000-2005",28.9
"United Republic of Tanzania","2005-2010",28.6
"United Republic of Tanzania","2010-2015",28.4
"United Republic of Tanzania","2015-2020",28.2
"United States of America","1950-1955",26.6
"United States of America","1955-1960",26.4
"United States of America","1960-1965",26.5
"United States of America","1965-1970",26.3
"United States of America","1970-1975",25.9
"United States of America","1975-1980",26
"United States of America","1980-1985",26.2
"United States of America","1985-1990",26.5
"United States of America","1990-1995",26.7
"United States of America","1995-2000",27.1
"United States of America","2000-2005",27.7
"United States of America","2005-2010",28
"United States of America","2010-2015",28.7
"United States of America","2015-2020",29.5
"United States Virgin Islands","1950-1955",27.6
"United States Virgin Islands","1955-1960",26.9
"United States Virgin Islands","1960-1965",27
"United States Virgin Islands","1965-1970",26.8
"United States Virgin Islands","1970-1975",26.3
"United States Virgin Islands","1975-1980",26.4
"United States Virgin Islands","1980-1985",26.5
"United States Virgin Islands","1985-1990",26.6
"United States Virgin Islands","1990-1995",26.7
"United States Virgin Islands","1995-2000",26.8
"United States Virgin Islands","2000-2005",27.1
"United States Virgin Islands","2005-2010",27.4
"United States Virgin Islands","2010-2015",27.1
"United States Virgin Islands","2015-2020",27.1
"Uruguay","1950-1955",27.8
"Uruguay","1955-1960",27.8
"Uruguay","1960-1965",27.8
"Uruguay","1965-1970",27.8
"Uruguay","1970-1975",27.8
"Uruguay","1975-1980",27.6
"Uruguay","1980-1985",27.5
"Uruguay","1985-1990",27.6
"Uruguay","1990-1995",27.4
"Uruguay","1995-2000",27.2
"Uruguay","2000-2005",27.6
"Uruguay","2005-2010",27.6
"Uruguay","2010-2015",27.6
"Uruguay","2015-2020",27.6
"Uzbekistan","1950-1955",31
"Uzbekistan","1955-1960",31
"Uzbekistan","1960-1965",30.9
"Uzbekistan","1965-1970",30.7
"Uzbekistan","1970-1975",30.2
"Uzbekistan","1975-1980",29.4
"Uzbekistan","1980-1985",28.7
"Uzbekistan","1985-1990",27.8
"Uzbekistan","1990-1995",26.7
"Uzbekistan","1995-2000",26.5
"Uzbekistan","2000-2005",27
"Uzbekistan","2005-2010",27
"Uzbekistan","2010-2015",27.1
"Uzbekistan","2015-2020",27.1
"Vanuatu","1950-1955",29.1
"Vanuatu","1955-1960",29.1
"Vanuatu","1960-1965",29.1
"Vanuatu","1965-1970",29.3
"Vanuatu","1970-1975",29.8
"Vanuatu","1975-1980",29.4
"Vanuatu","1980-1985",29.4
"Vanuatu","1985-1990",29.4
"Vanuatu","1990-1995",29.5
"Vanuatu","1995-2000",29.5
"Vanuatu","2000-2005",29.4
"Vanuatu","2005-2010",29.3
"Vanuatu","2010-2015",29.3
"Vanuatu","2015-2020",29.3
"Venezuela (Bolivarian Republic of)","1950-1955",28.7
"Venezuela (Bolivarian Republic of)","1955-1960",28.7
"Venezuela (Bolivarian Republic of)","1960-1965",28.7
"Venezuela (Bolivarian Republic of)","1965-1970",28.7
"Venezuela (Bolivarian Republic of)","1970-1975",28.7
"Venezuela (Bolivarian Republic of)","1975-1980",28.5
"Venezuela (Bolivarian Republic of)","1980-1985",28.1
"Venezuela (Bolivarian Republic of)","1985-1990",27.7
"Venezuela (Bolivarian Republic of)","1990-1995",27.5
"Venezuela (Bolivarian Republic of)","1995-2000",27.1
"Venezuela (Bolivarian Republic of)","2000-2005",26.9
"Venezuela (Bolivarian Republic of)","2005-2010",26.7
"Venezuela (Bolivarian Republic of)","2010-2015",26.5
"Venezuela (Bolivarian Republic of)","2015-2020",26.4
"Viet Nam","1950-1955",31.8
"Viet Nam","1955-1960",31.8
"Viet Nam","1960-1965",31.8
"Viet Nam","1965-1970",31.8
"Viet Nam","1970-1975",31.8
"Viet Nam","1975-1980",31.4
"Viet Nam","1980-1985",30.5
"Viet Nam","1985-1990",29.5
"Viet Nam","1990-1995",28.4
"Viet Nam","1995-2000",27.7
"Viet Nam","2000-2005",27.3
"Viet Nam","2005-2010",27.2
"Viet Nam","2010-2015",27.1
"Viet Nam","2015-2020",28
"Western Sahara","1950-1955",29.2
"Western Sahara","1955-1960",29.2
"Western Sahara","1960-1965",29.2
"Western Sahara","1965-1970",29.2
"Western Sahara","1970-1975",29.6
"Western Sahara","1975-1980",29.9
"Western Sahara","1980-1985",30.1
"Western Sahara","1985-1990",30.2
"Western Sahara","1990-1995",30.2
"Western Sahara","1995-2000",30.4
"Western Sahara","2000-2005",30.6
"Western Sahara","2005-2010",30.7
"Western Sahara","2010-2015",30.9
"Western Sahara","2015-2020",31
"World","1950-1955",29.2
"World","1955-1960",29.1
"World","1960-1965",29
"World","1965-1970",29
"World","1970-1975",28.8
"World","1975-1980",28.4
"World","1980-1985",27.9
"World","1985-1990",27.7
"World","1990-1995",27.5
"World","1995-2000",27.5
"World","2000-2005",27.5
"World","2005-2010",27.6
"World","2010-2015",27.7
"World","2015-2020",27.9
"Yemen","1950-1955",31.4
"Yemen","1955-1960",31.4
"Yemen","1960-1965",31.3
"Yemen","1965-1970",31.1
"Yemen","1970-1975",31.1
"Yemen","1975-1980",31.1
"Yemen","1980-1985",31.1
"Yemen","1985-1990",31
"Yemen","1990-1995",30.4
"Yemen","1995-2000",30.3
"Yemen","2000-2005",30.5
"Yemen","2005-2010",30.2
"Yemen","2010-2015",30.1
"Yemen","2015-2020",30
"Zambia","1950-1955",29.8
"Zambia","1955-1960",29.8
"Zambia","1960-1965",29.8
"Zambia","1965-1970",29.8
"Zambia","1970-1975",29.8
"Zambia","1975-1980",29.8
"Zambia","1980-1985",29.8
"Zambia","1985-1990",29.8
"Zambia","1990-1995",29.4
"Zambia","1995-2000",29.1
"Zambia","2000-2005",29.3
"Zambia","2005-2010",29.3
"Zambia","2010-2015",29
"Zambia","2015-2020",28.9
"Zimbabwe","1950-1955",29.5
"Zimbabwe","1955-1960",29.5
"Zimbabwe","1960-1965",29.5
"Zimbabwe","1965-1970",29.5
"Zimbabwe","1970-1975",29.5
"Zimbabwe","1975-1980",29.5
"Zimbabwe","1980-1985",29.7
"Zimbabwe","1985-1990",29.7
"Zimbabwe","1990-1995",29.1
"Zimbabwe","1995-2000",28.6
"Zimbabwe","2000-2005",28.5
"Zimbabwe","2005-2010",28.1
"Zimbabwe","2010-2015",28
"Zimbabwe","2015-2020",27.8
