"Area","Year","YearsDifference"
"Afghanistan",1950-1955,0.3
"Afghanistan",1955-1960,0.4
"Afghanistan",1960-1965,0.4
"Afghanistan",1965-1970,0.6
"Afghanistan",1970-1975,0.8
"Afghanistan",1975-1980,1
"Afghanistan",1980-1985,1.3
"Afghanistan",1985-1990,1.6
"Afghanistan",1990-1995,1.8
"Afghanistan",1995-2000,1.9
"Afghanistan",2000-2005,2
"Afghanistan",2005-2010,2.2
"Afghanistan",2010-2015,2.5
"Afghanistan",2015-2020,2.7
"Afghanistan",2020-2025,2.7
"Albania",1950-1955,1
"Albania",1955-1960,1.4
"Albania",1960-1965,1.7
"Albania",1965-1970,1.9
"Albania",1970-1975,2
"Albania",1975-1980,2
"Albania",1980-1985,1.8
"Albania",1985-1990,1.6
"Albania",1990-1995,1.4
"Albania",1995-2000,1.2
"Albania",2000-2005,1
"Albania",2005-2010,0.9
"Albania",2010-2015,0.7
"Albania",2015-2020,0.5
"Albania",2020-2025,0.4
"Algeria",1950-1955,0.2
"Algeria",1955-1960,0.3
"Algeria",1960-1965,0.5
"Algeria",1965-1970,0.9
"Algeria",1970-1975,1.3
"Algeria",1975-1980,1.7
"Algeria",1980-1985,2.2
"Algeria",1985-1990,2.5
"Algeria",1990-1995,2.7
"Algeria",1995-2000,2.6
"Algeria",2000-2005,2.4
"Algeria",2005-2010,2.2
"Algeria",2010-2015,1.9
"Algeria",2015-2020,1.6
"Algeria",2020-2025,1.4
"Angola",1950-1955,0.2
"Angola",1955-1960,0.3
"Angola",1960-1965,0.4
"Angola",1965-1970,0.5
"Angola",1970-1975,0.6
"Angola",1975-1980,0.8
"Angola",1980-1985,1
"Angola",1985-1990,1.3
"Angola",1990-1995,1.6
"Angola",1995-2000,1.8
"Angola",2000-2005,1.9
"Angola",2005-2010,1.9
"Angola",2010-2015,2
"Angola",2015-2020,2
"Angola",2020-2025,2
"Antigua and Barbuda",2015-2020,-0.6
"Antigua and Barbuda",2020-2025,-0.7
"Argentina",1950-1955,0.2
"Argentina",1955-1960,0.2
"Argentina",1960-1965,0.2
"Argentina",1965-1970,0.2
"Argentina",1970-1975,0.2
"Argentina",1975-1980,0.2
"Argentina",1980-1985,0.1
"Argentina",1985-1990,0
"Argentina",1990-1995,0
"Argentina",1995-2000,0
"Argentina",2000-2005,-0.1
"Argentina",2005-2010,-0.2
"Argentina",2010-2015,-0.2
"Argentina",2015-2020,-0.2
"Argentina",2020-2025,-0.3
"Armenia",1950-1955,0
"Armenia",1955-1960,0.3
"Armenia",1960-1965,0.6
"Armenia",1965-1970,0.7
"Armenia",1970-1975,0.8
"Armenia",1975-1980,0.8
"Armenia",1980-1985,0.7
"Armenia",1985-1990,0.6
"Armenia",1990-1995,0.5
"Armenia",1995-2000,0.4
"Armenia",2000-2005,0.3
"Armenia",2005-2010,0.2
"Armenia",2010-2015,0.1
"Armenia",2015-2020,0
"Armenia",2020-2025,0
"Aruba",1950-1955,-0.1
"Aruba",1955-1960,0.2
"Aruba",1960-1965,0.3
"Aruba",1965-1970,0.6
"Aruba",1970-1975,0.7
"Aruba",1975-1980,0.8
"Aruba",1980-1985,0.9
"Aruba",1985-1990,0.9
"Aruba",1990-1995,0.9
"Aruba",1995-2000,0.8
"Aruba",2000-2005,0.6
"Aruba",2005-2010,0.4
"Aruba",2010-2015,0.3
"Aruba",2015-2020,0.2
"Aruba",2020-2025,0.2
"Australia",1950-1955,0.7
"Australia",1955-1960,0.7
"Australia",1960-1965,0.8
"Australia",1965-1970,0.8
"Australia",1970-1975,0.8
"Australia",1975-1980,0.7
"Australia",1980-1985,0.6
"Australia",1985-1990,0.5
"Australia",1990-1995,0.4
"Australia",1995-2000,0.3
"Australia",2000-2005,0.2
"Australia",2005-2010,0.1
"Australia",2010-2015,0
"Australia",2015-2020,0
"Australia",2020-2025,-0.1
"Austria",1950-1955,2.1
"Austria",1955-1960,2.1
"Austria",1960-1965,2.1
"Austria",1965-1970,2.2
"Austria",1970-1975,2.2
"Austria",1975-1980,2.2
"Austria",1980-1985,2.2
"Austria",1985-1990,2.1
"Austria",1990-1995,2
"Austria",1995-2000,1.8
"Austria",2000-2005,1.6
"Austria",2005-2010,1.4
"Austria",2010-2015,1.3
"Austria",2015-2020,1.1
"Austria",2020-2025,0.9
"Azerbaijan",1950-1955,0.1
"Azerbaijan",1955-1960,0.5
"Azerbaijan",1960-1965,1
"Azerbaijan",1965-1970,1.2
"Azerbaijan",1970-1975,1.4
"Azerbaijan",1975-1980,1.5
"Azerbaijan",1980-1985,1.4
"Azerbaijan",1985-1990,1.3
"Azerbaijan",1990-1995,1.1
"Azerbaijan",1995-2000,0.9
"Azerbaijan",2000-2005,0.7
"Azerbaijan",2005-2010,0.6
"Azerbaijan",2010-2015,0.5
"Azerbaijan",2015-2020,0.4
"Azerbaijan",2020-2025,0.3
"Bahamas",1950-1955,0.9
"Bahamas",1955-1960,0.9
"Bahamas",1960-1965,0.7
"Bahamas",1965-1970,0.6
"Bahamas",1970-1975,0.5
"Bahamas",1975-1980,0.4
"Bahamas",1980-1985,0.3
"Bahamas",1985-1990,0.1
"Bahamas",1990-1995,0.1
"Bahamas",1995-2000,-0.1
"Bahamas",2000-2005,-0.2
"Bahamas",2005-2010,-0.2
"Bahamas",2010-2015,-0.3
"Bahamas",2015-2020,-0.3
"Bahamas",2020-2025,-0.3
"Bahrain",1950-1955,0.6
"Bahrain",1955-1960,0.8
"Bahrain",1960-1965,0.9
"Bahrain",1965-1970,1.3
"Bahrain",1970-1975,1.4
"Bahrain",1975-1980,1.7
"Bahrain",1980-1985,2
"Bahrain",1985-1990,1.6
"Bahrain",1990-1995,1.3
"Bahrain",1995-2000,1
"Bahrain",2000-2005,0.6
"Bahrain",2005-2010,0.4
"Bahrain",2010-2015,0.1
"Bahrain",2015-2020,-0.1
"Bahrain",2020-2025,-0.3
"Bangladesh",1950-1955,1.6
"Bangladesh",1955-1960,1.7
"Bangladesh",1960-1965,1.8
"Bangladesh",1965-1970,1.9
"Bangladesh",1970-1975,2
"Bangladesh",1975-1980,2.1
"Bangladesh",1980-1985,2.1
"Bangladesh",1985-1990,2.1
"Bangladesh",1990-1995,2.1
"Bangladesh",1995-2000,2.1
"Bangladesh",2000-2005,2
"Bangladesh",2005-2010,1.8
"Bangladesh",2010-2015,1.6
"Bangladesh",2015-2020,1.4
"Bangladesh",2020-2025,1.1
"Barbados",2015-2020,-0.4
"Barbados",2020-2025,-0.4
"Belarus",1950-1955,1.1
"Belarus",1955-1960,1.3
"Belarus",1960-1965,1.4
"Belarus",1965-1970,1.4
"Belarus",1970-1975,1.5
"Belarus",1975-1980,1.5
"Belarus",1980-1985,1.4
"Belarus",1985-1990,1.2
"Belarus",1990-1995,1
"Belarus",1995-2000,0.8
"Belarus",2000-2005,0.6
"Belarus",2005-2010,0.5
"Belarus",2010-2015,0.3
"Belarus",2015-2020,0.2
"Belarus",2020-2025,0.1
"Belgium",1950-1955,1
"Belgium",1955-1960,0.8
"Belgium",1960-1965,0.6
"Belgium",1965-1970,0.4
"Belgium",1970-1975,0.3
"Belgium",1975-1980,0.2
"Belgium",1980-1985,0.2
"Belgium",1985-1990,0.1
"Belgium",1990-1995,0.1
"Belgium",1995-2000,0.2
"Belgium",2000-2005,0.2
"Belgium",2005-2010,0.2
"Belgium",2010-2015,0.2
"Belgium",2015-2020,0.2
"Belgium",2020-2025,0.2
"Belize",1950-1955,-0.6
"Belize",1955-1960,-0.6
"Belize",1960-1965,-0.5
"Belize",1965-1970,-0.5
"Belize",1970-1975,-0.3
"Belize",1975-1980,-0.2
"Belize",1980-1985,-0.1
"Belize",1985-1990,0
"Belize",1990-1995,0.1
"Belize",1995-2000,0.1
"Belize",2000-2005,0.1
"Belize",2005-2010,0.1
"Belize",2010-2015,-0.1
"Belize",2015-2020,-0.1
"Belize",2020-2025,-0.1
"Benin",1950-1955,0.3
"Benin",1955-1960,0.3
"Benin",1960-1965,0.3
"Benin",1965-1970,0.5
"Benin",1970-1975,0.6
"Benin",1975-1980,0.8
"Benin",1980-1985,1.1
"Benin",1985-1990,1.4
"Benin",1990-1995,1.6
"Benin",1995-2000,1.8
"Benin",2000-2005,2
"Benin",2005-2010,2.3
"Benin",2010-2015,2.5
"Benin",2015-2020,2.6
"Benin",2020-2025,2.5
"Bhutan",1950-1955,0.2
"Bhutan",1955-1960,0.2
"Bhutan",1960-1965,0.3
"Bhutan",1965-1970,0.3
"Bhutan",1970-1975,0.4
"Bhutan",1975-1980,0.6
"Bhutan",1980-1985,0.9
"Bhutan",1985-1990,1.1
"Bhutan",1990-1995,1.4
"Bhutan",1995-2000,1.7
"Bhutan",2000-2005,1.9
"Bhutan",2005-2010,2.1
"Bhutan",2010-2015,2.2
"Bhutan",2015-2020,2
"Bhutan",2020-2025,1.9
"Bolivia (Plurinational State of)",1950-1955,0.9
"Bolivia (Plurinational State of)",1955-1960,1.1
"Bolivia (Plurinational State of)",1960-1965,1.2
"Bolivia (Plurinational State of)",1965-1970,1.3
"Bolivia (Plurinational State of)",1970-1975,1.4
"Bolivia (Plurinational State of)",1975-1980,1.5
"Bolivia (Plurinational State of)",1980-1985,1.6
"Bolivia (Plurinational State of)",1985-1990,1.6
"Bolivia (Plurinational State of)",1990-1995,1.5
"Bolivia (Plurinational State of)",1995-2000,1.5
"Bolivia (Plurinational State of)",2000-2005,1.4
"Bolivia (Plurinational State of)",2005-2010,1.2
"Bolivia (Plurinational State of)",2010-2015,1.1
"Bolivia (Plurinational State of)",2015-2020,0.9
"Bolivia (Plurinational State of)",2020-2025,0.8
"Bosnia and Herzegovina",1950-1955,1.1
"Bosnia and Herzegovina",1955-1960,1.7
"Bosnia and Herzegovina",1960-1965,2.3
"Bosnia and Herzegovina",1965-1970,2.8
"Bosnia and Herzegovina",1970-1975,3.1
"Bosnia and Herzegovina",1975-1980,3.4
"Bosnia and Herzegovina",1980-1985,3.5
"Bosnia and Herzegovina",1985-1990,3.5
"Bosnia and Herzegovina",1990-1995,3.4
"Bosnia and Herzegovina",1995-2000,3.2
"Bosnia and Herzegovina",2000-2005,3
"Bosnia and Herzegovina",2005-2010,2.7
"Bosnia and Herzegovina",2010-2015,2.4
"Bosnia and Herzegovina",2015-2020,2.1
"Bosnia and Herzegovina",2020-2025,1.8
"Botswana",1950-1955,0
"Botswana",1955-1960,0
"Botswana",1960-1965,-0.1
"Botswana",1965-1970,-0.1
"Botswana",1970-1975,0
"Botswana",1975-1980,0.1
"Botswana",1980-1985,0.1
"Botswana",1985-1990,0.2
"Botswana",1990-1995,0.1
"Botswana",1995-2000,0.1
"Botswana",2000-2005,0.2
"Botswana",2005-2010,0.1
"Botswana",2010-2015,0.1
"Botswana",2015-2020,0.2
"Botswana",2020-2025,0.1
"Brazil",1950-1955,0.2
"Brazil",1955-1960,0.1
"Brazil",1960-1965,0.1
"Brazil",1965-1970,0.1
"Brazil",1970-1975,0.1
"Brazil",1975-1980,0.1
"Brazil",1980-1985,0.1
"Brazil",1985-1990,0.1
"Brazil",1990-1995,0
"Brazil",1995-2000,-0.1
"Brazil",2000-2005,-0.2
"Brazil",2005-2010,-0.3
"Brazil",2010-2015,-0.3
"Brazil",2015-2020,-0.2
"Brazil",2020-2025,-0.2
"Brunei Darussalam",2015-2020,0.8
"Brunei Darussalam",2020-2025,0.7
"Bulgaria",1950-1955,1.9
"Bulgaria",1955-1960,1.7
"Bulgaria",1960-1965,1.6
"Bulgaria",1965-1970,1.4
"Bulgaria",1970-1975,1.3
"Bulgaria",1975-1980,1.1
"Bulgaria",1980-1985,0.9
"Bulgaria",1985-1990,0.7
"Bulgaria",1990-1995,0.6
"Bulgaria",1995-2000,0.4
"Bulgaria",2000-2005,0.3
"Bulgaria",2005-2010,0.2
"Bulgaria",2010-2015,0
"Bulgaria",2015-2020,-0.1
"Bulgaria",2020-2025,-0.2
"Burkina Faso",1950-1955,0.1
"Burkina Faso",1955-1960,0.1
"Burkina Faso",1960-1965,0.1
"Burkina Faso",1965-1970,0.1
"Burkina Faso",1970-1975,0.2
"Burkina Faso",1975-1980,0.3
"Burkina Faso",1980-1985,0.4
"Burkina Faso",1985-1990,0.6
"Burkina Faso",1990-1995,0.7
"Burkina Faso",1995-2000,0.9
"Burkina Faso",2000-2005,1.1
"Burkina Faso",2005-2010,1.1
"Burkina Faso",2010-2015,1.3
"Burkina Faso",2015-2020,1.4
"Burkina Faso",2020-2025,1.5
"Burundi",1950-1955,0.3
"Burundi",1955-1960,0.4
"Burundi",1960-1965,0.5
"Burundi",1965-1970,0.7
"Burundi",1970-1975,0.9
"Burundi",1975-1980,1
"Burundi",1980-1985,1.2
"Burundi",1985-1990,1.3
"Burundi",1990-1995,1.4
"Burundi",1995-2000,1.3
"Burundi",2000-2005,1.4
"Burundi",2005-2010,1.4
"Burundi",2010-2015,1.3
"Burundi",2015-2020,1.3
"Burundi",2020-2025,1.2
"Cambodia",1950-1955,1.2
"Cambodia",1955-1960,1.4
"Cambodia",1960-1965,1.6
"Cambodia",1965-1970,1.8
"Cambodia",1970-1975,2
"Cambodia",1975-1980,2.2
"Cambodia",1980-1985,2.2
"Cambodia",1985-1990,2.2
"Cambodia",1990-1995,2
"Cambodia",1995-2000,2
"Cambodia",2000-2005,1.9
"Cambodia",2005-2010,1.9
"Cambodia",2010-2015,1.9
"Cambodia",2015-2020,1.8
"Cambodia",2020-2025,1.7
"Cameroon",1950-1955,0.6
"Cameroon",1955-1960,0.8
"Cameroon",1960-1965,0.9
"Cameroon",1965-1970,1.1
"Cameroon",1970-1975,1.3
"Cameroon",1975-1980,1.5
"Cameroon",1980-1985,1.7
"Cameroon",1985-1990,1.8
"Cameroon",1990-1995,1.9
"Cameroon",1995-2000,1.9
"Cameroon",2000-2005,1.9
"Cameroon",2005-2010,1.8
"Cameroon",2010-2015,1.7
"Cameroon",2015-2020,1.6
"Cameroon",2020-2025,1.5
"Canada",1950-1955,0.7
"Canada",1955-1960,0.6
"Canada",1960-1965,0.5
"Canada",1965-1970,0.5
"Canada",1970-1975,0.6
"Canada",1975-1980,0.6
"Canada",1980-1985,0.5
"Canada",1985-1990,0.5
"Canada",1990-1995,0.4
"Canada",1995-2000,0.3
"Canada",2000-2005,0.3
"Canada",2005-2010,0.2
"Canada",2010-2015,0.1
"Canada",2015-2020,0
"Canada",2020-2025,0
"Cape Verde",1950-1955,0.4
"Cape Verde",1955-1960,0.6
"Cape Verde",1960-1965,0.7
"Cape Verde",1965-1970,1
"Cape Verde",1970-1975,1.2
"Cape Verde",1975-1980,1.3
"Cape Verde",1980-1985,1.5
"Cape Verde",1985-1990,1.5
"Cape Verde",1990-1995,1.5
"Cape Verde",1995-2000,1.5
"Cape Verde",2000-2005,1.4
"Cape Verde",2005-2010,1.3
"Cape Verde",2010-2015,1.1
"Cape Verde",2015-2020,0.9
"Cape Verde",2020-2025,0.8
"Central African Republic",1950-1955,0
"Central African Republic",1955-1960,0.1
"Central African Republic",1960-1965,0.2
"Central African Republic",1965-1970,0.4
"Central African Republic",1970-1975,0.6
"Central African Republic",1975-1980,1
"Central African Republic",1980-1985,1.3
"Central African Republic",1985-1990,1.7
"Central African Republic",1990-1995,1.9
"Central African Republic",1995-2000,2
"Central African Republic",2000-2005,2.2
"Central African Republic",2005-2010,2.3
"Central African Republic",2010-2015,2.3
"Central African Republic",2015-2020,2.3
"Central African Republic",2020-2025,2.2
"Chad",1950-1955,0
"Chad",1955-1960,0
"Chad",1960-1965,0
"Chad",1965-1970,0.1
"Chad",1970-1975,0.2
"Chad",1975-1980,0.4
"Chad",1980-1985,0.6
"Chad",1985-1990,0.8
"Chad",1990-1995,1.1
"Chad",1995-2000,1.3
"Chad",2000-2005,1.6
"Chad",2005-2010,1.8
"Chad",2010-2015,2.1
"Chad",2015-2020,2.4
"Chad",2020-2025,2.5
"Channel Islands",2015-2020,0.1
"Channel Islands",2020-2025,0.1
"Chile",1950-1955,0.1
"Chile",1955-1960,0.2
"Chile",1960-1965,0.3
"Chile",1965-1970,0.3
"Chile",1970-1975,0.4
"Chile",1975-1980,0.5
"Chile",1980-1985,0.5
"Chile",1985-1990,0.5
"Chile",1990-1995,0.5
"Chile",1995-2000,0.4
"Chile",2000-2005,0.4
"Chile",2005-2010,0.3
"Chile",2010-2015,0.3
"Chile",2015-2020,0.2
"Chile",2020-2025,0.1
"China",1950-1955,1.6
"China",1955-1960,1.7
"China",1960-1965,1.9
"China",1965-1970,1.9
"China",1970-1975,1.9
"China",1975-1980,1.8
"China",1980-1985,1.7
"China",1985-1990,1.6
"China",1990-1995,1.5
"China",1995-2000,1.3
"China",2000-2005,1.2
"China",2005-2010,1.1
"China",2010-2015,1
"China",2015-2020,0.8
"China",2020-2025,0.7
"Colombia",1950-1955,0.2
"Colombia",1955-1960,0.2
"Colombia",1960-1965,0.2
"Colombia",1965-1970,0.2
"Colombia",1970-1975,0.2
"Colombia",1975-1980,0.2
"Colombia",1980-1985,0.2
"Colombia",1985-1990,0.2
"Colombia",1990-1995,0.1
"Colombia",1995-2000,0
"Colombia",2000-2005,-0.1
"Colombia",2005-2010,-0.1
"Colombia",2010-2015,-0.2
"Colombia",2015-2020,-0.2
"Colombia",2020-2025,-0.2
"Comoros",1950-1955,0.1
"Comoros",1955-1960,0.2
"Comoros",1960-1965,0.4
"Comoros",1965-1970,0.5
"Comoros",1970-1975,0.7
"Comoros",1975-1980,1
"Comoros",1980-1985,1.4
"Comoros",1985-1990,1.8
"Comoros",1990-1995,2.1
"Comoros",1995-2000,2.4
"Comoros",2000-2005,2.5
"Comoros",2005-2010,2.4
"Comoros",2010-2015,2.1
"Comoros",2015-2020,1.8
"Comoros",2020-2025,1.6
"Congo",1950-1955,0.7
"Congo",1955-1960,1
"Congo",1960-1965,1.3
"Congo",1965-1970,1.6
"Congo",1970-1975,2
"Congo",1975-1980,2.4
"Congo",1980-1985,2.9
"Congo",1985-1990,3.3
"Congo",1990-1995,3.3
"Congo",1995-2000,3.2
"Congo",2000-2005,3
"Congo",2005-2010,2.7
"Congo",2010-2015,2.4
"Congo",2015-2020,2.1
"Congo",2020-2025,1.9
"Costa Rica",1950-1955,-0.2
"Costa Rica",1955-1960,-0.2
"Costa Rica",1960-1965,-0.1
"Costa Rica",1965-1970,-0.1
"Costa Rica",1970-1975,0
"Costa Rica",1975-1980,0.1
"Costa Rica",1980-1985,0.1
"Costa Rica",1985-1990,0.1
"Costa Rica",1990-1995,0.1
"Costa Rica",1995-2000,0.1
"Costa Rica",2000-2005,0.1
"Costa Rica",2005-2010,0
"Costa Rica",2010-2015,-0.1
"Costa Rica",2015-2020,-0.1
"Costa Rica",2020-2025,-0.1
"Cote d'Ivoire",1950-1955,0.3
"Cote d'Ivoire",1955-1960,0.4
"Cote d'Ivoire",1960-1965,0.5
"Cote d'Ivoire",1965-1970,0.6
"Cote d'Ivoire",1970-1975,0.9
"Cote d'Ivoire",1975-1980,1.1
"Cote d'Ivoire",1980-1985,1.4
"Cote d'Ivoire",1985-1990,1.6
"Cote d'Ivoire",1990-1995,1.8
"Cote d'Ivoire",1995-2000,1.9
"Cote d'Ivoire",2000-2005,2
"Cote d'Ivoire",2005-2010,2.1
"Cote d'Ivoire",2010-2015,2.1
"Cote d'Ivoire",2015-2020,2.2
"Cote d'Ivoire",2020-2025,2.2
"Croatia",1950-1955,1.9
"Croatia",1955-1960,2.3
"Croatia",1960-1965,2.6
"Croatia",1965-1970,2.7
"Croatia",1970-1975,2.7
"Croatia",1975-1980,2.6
"Croatia",1980-1985,2.5
"Croatia",1985-1990,2.3
"Croatia",1990-1995,2
"Croatia",1995-2000,1.8
"Croatia",2000-2005,1.5
"Croatia",2005-2010,1.3
"Croatia",2010-2015,1
"Croatia",2015-2020,0.8
"Croatia",2020-2025,0.6
"Cuba",1950-1955,-0.6
"Cuba",1955-1960,-0.4
"Cuba",1960-1965,-0.1
"Cuba",1965-1970,0.2
"Cuba",1970-1975,0.4
"Cuba",1975-1980,0.5
"Cuba",1980-1985,0.6
"Cuba",1985-1990,0.6
"Cuba",1990-1995,0.5
"Cuba",1995-2000,0.4
"Cuba",2000-2005,0.3
"Cuba",2005-2010,0.2
"Cuba",2010-2015,0.1
"Cuba",2015-2020,0
"Cuba",2020-2025,-0.1
"Curaçao",1950-1955,0.9
"Curaçao",1955-1960,0.8
"Curaçao",1960-1965,0.7
"Curaçao",1965-1970,0.6
"Curaçao",1970-1975,0.5
"Curaçao",1975-1980,0.5
"Curaçao",1980-1985,0.4
"Curaçao",1985-1990,0.4
"Curaçao",1990-1995,0.3
"Curaçao",1995-2000,0.3
"Curaçao",2000-2005,0.2
"Curaçao",2005-2010,0.2
"Curaçao",2010-2015,0
"Curaçao",2015-2020,-0.1
"Curaçao",2020-2025,-0.1
"Cyprus",1950-1955,1.5
"Cyprus",1955-1960,1.7
"Cyprus",1960-1965,1.9
"Cyprus",1965-1970,2
"Cyprus",1970-1975,2
"Cyprus",1975-1980,2
"Cyprus",1980-1985,1.9
"Cyprus",1985-1990,1.8
"Cyprus",1990-1995,1.6
"Cyprus",1995-2000,1.4
"Cyprus",2000-2005,1.1
"Cyprus",2005-2010,0.8
"Cyprus",2010-2015,0.5
"Cyprus",2015-2020,0.4
"Cyprus",2020-2025,0.2
"Czech Republic",1950-1955,1.6
"Czech Republic",1955-1960,1.6
"Czech Republic",1960-1965,1.6
"Czech Republic",1965-1970,1.6
"Czech Republic",1970-1975,1.5
"Czech Republic",1975-1980,1.4
"Czech Republic",1980-1985,1.3
"Czech Republic",1985-1990,1.2
"Czech Republic",1990-1995,1.1
"Czech Republic",1995-2000,0.9
"Czech Republic",2000-2005,0.7
"Czech Republic",2005-2010,0.5
"Czech Republic",2010-2015,0.4
"Czech Republic",2015-2020,0.4
"Czech Republic",2020-2025,0.2
"Democratic People's Republic of Korea",1950-1955,0.6
"Democratic People's Republic of Korea",1955-1960,0.8
"Democratic People's Republic of Korea",1960-1965,1.2
"Democratic People's Republic of Korea",1965-1970,1.7
"Democratic People's Republic of Korea",1970-1975,2
"Democratic People's Republic of Korea",1975-1980,2.1
"Democratic People's Republic of Korea",1980-1985,2.1
"Democratic People's Republic of Korea",1985-1990,1.9
"Democratic People's Republic of Korea",1990-1995,1.7
"Democratic People's Republic of Korea",1995-2000,1.4
"Democratic People's Republic of Korea",2000-2005,1.2
"Democratic People's Republic of Korea",2005-2010,1
"Democratic People's Republic of Korea",2010-2015,0.8
"Democratic People's Republic of Korea",2015-2020,0.6
"Democratic People's Republic of Korea",2020-2025,0.4
"Democratic Republic of the Congo",1950-1955,0.9
"Democratic Republic of the Congo",1955-1960,1.3
"Democratic Republic of the Congo",1960-1965,1.7
"Democratic Republic of the Congo",1965-1970,2.2
"Democratic Republic of the Congo",1970-1975,2.6
"Democratic Republic of the Congo",1975-1980,3
"Democratic Republic of the Congo",1980-1985,3.3
"Democratic Republic of the Congo",1985-1990,3.6
"Democratic Republic of the Congo",1990-1995,3.8
"Democratic Republic of the Congo",1995-2000,4
"Democratic Republic of the Congo",2000-2005,4
"Democratic Republic of the Congo",2005-2010,3.8
"Democratic Republic of the Congo",2010-2015,3.6
"Democratic Republic of the Congo",2015-2020,3.4
"Democratic Republic of the Congo",2020-2025,3.1
"Denmark",1950-1955,0.6
"Denmark",1955-1960,0.6
"Denmark",1960-1965,0.6
"Denmark",1965-1970,0.6
"Denmark",1970-1975,0.6
"Denmark",1975-1980,0.6
"Denmark",1980-1985,0.6
"Denmark",1985-1990,0.5
"Denmark",1990-1995,0.4
"Denmark",1995-2000,0.3
"Denmark",2000-2005,0.2
"Denmark",2005-2010,0.1
"Denmark",2010-2015,0
"Denmark",2015-2020,-0.1
"Denmark",2020-2025,-0.2
"Djibouti",2015-2020,1.7
"Djibouti",2020-2025,1.5
"Dominican Republic",1950-1955,0.1
"Dominican Republic",1955-1960,0.1
"Dominican Republic",1960-1965,0.1
"Dominican Republic",1965-1970,0.1
"Dominican Republic",1970-1975,0.2
"Dominican Republic",1975-1980,0.2
"Dominican Republic",1980-1985,0.2
"Dominican Republic",1985-1990,0.2
"Dominican Republic",1990-1995,0.1
"Dominican Republic",1995-2000,-0.1
"Dominican Republic",2000-2005,-0.4
"Dominican Republic",2005-2010,-0.6
"Dominican Republic",2010-2015,-0.7
"Dominican Republic",2015-2020,-0.8
"Dominican Republic",2020-2025,-0.8
"Ecuador",1950-1955,0.6
"Ecuador",1955-1960,0.5
"Ecuador",1960-1965,0.5
"Ecuador",1965-1970,0.6
"Ecuador",1970-1975,0.6
"Ecuador",1975-1980,0.6
"Ecuador",1980-1985,0.6
"Ecuador",1985-1990,0.6
"Ecuador",1990-1995,0.6
"Ecuador",1995-2000,0.5
"Ecuador",2000-2005,0.4
"Ecuador",2005-2010,0.3
"Ecuador",2010-2015,0.2
"Ecuador",2015-2020,0.1
"Ecuador",2020-2025,0
"Egypt",1950-1955,1.8
"Egypt",1955-1960,2
"Egypt",1960-1965,2.1
"Egypt",1965-1970,2.3
"Egypt",1970-1975,2.4
"Egypt",1975-1980,2.6
"Egypt",1980-1985,2.7
"Egypt",1985-1990,2.8
"Egypt",1990-1995,2.8
"Egypt",1995-2000,2.8
"Egypt",2000-2005,2.7
"Egypt",2005-2010,2.4
"Egypt",2010-2015,2.2
"Egypt",2015-2020,1.9
"Egypt",2020-2025,1.7
"El Salvador",1950-1955,0.2
"El Salvador",1955-1960,0.3
"El Salvador",1960-1965,0.4
"El Salvador",1965-1970,0.5
"El Salvador",1970-1975,0.6
"El Salvador",1975-1980,0.7
"El Salvador",1980-1985,0.8
"El Salvador",1985-1990,0.9
"El Salvador",1990-1995,0.9
"El Salvador",1995-2000,0.9
"El Salvador",2000-2005,0.8
"El Salvador",2005-2010,0.7
"El Salvador",2010-2015,0.6
"El Salvador",2015-2020,0.5
"El Salvador",2020-2025,0.5
"Equatorial Guinea",1950-1955,0.7
"Equatorial Guinea",1955-1960,0.9
"Equatorial Guinea",1960-1965,1.3
"Equatorial Guinea",1965-1970,1.6
"Equatorial Guinea",1970-1975,2
"Equatorial Guinea",1975-1980,2.1
"Equatorial Guinea",1980-1985,2.3
"Equatorial Guinea",1985-1990,3
"Equatorial Guinea",1990-1995,3
"Equatorial Guinea",1995-2000,3
"Equatorial Guinea",2000-2005,2.9
"Equatorial Guinea",2005-2010,2.9
"Equatorial Guinea",2010-2015,2.8
"Equatorial Guinea",2015-2020,2.8
"Equatorial Guinea",2020-2025,2.6
"Eritrea",2015-2020,1.5
"Eritrea",2020-2025,1.4
"Estonia",1950-1955,1
"Estonia",1955-1960,1.3
"Estonia",1960-1965,1.3
"Estonia",1965-1970,1.4
"Estonia",1970-1975,1.4
"Estonia",1975-1980,1.3
"Estonia",1980-1985,1
"Estonia",1985-1990,0.7
"Estonia",1990-1995,0.4
"Estonia",1995-2000,0
"Estonia",2000-2005,-0.2
"Estonia",2005-2010,-0.4
"Estonia",2010-2015,-0.6
"Estonia",2015-2020,-0.7
"Estonia",2020-2025,-0.8
"Ethiopia",1950-1955,0.2
"Ethiopia",1955-1960,0.2
"Ethiopia",1960-1965,0.3
"Ethiopia",1965-1970,0.3
"Ethiopia",1970-1975,0.4
"Ethiopia",1975-1980,0.5
"Ethiopia",1980-1985,0.6
"Ethiopia",1985-1990,0.8
"Ethiopia",1990-1995,1
"Ethiopia",1995-2000,1.1
"Ethiopia",2000-2005,1.2
"Ethiopia",2005-2010,1.3
"Ethiopia",2010-2015,1.4
"Ethiopia",2015-2020,1.3
"Ethiopia",2020-2025,1.2
"Fiji",1950-1955,0.5
"Fiji",1955-1960,0.7
"Fiji",1960-1965,0.8
"Fiji",1965-1970,0.8
"Fiji",1970-1975,0.8
"Fiji",1975-1980,0.8
"Fiji",1980-1985,0.7
"Fiji",1985-1990,0.6
"Fiji",1990-1995,0.5
"Fiji",1995-2000,0.5
"Fiji",2000-2005,0.4
"Fiji",2005-2010,0.2
"Fiji",2010-2015,0.1
"Fiji",2015-2020,0.1
"Fiji",2020-2025,0.1
"Finland",1950-1955,0
"Finland",1955-1960,0.1
"Finland",1960-1965,0.1
"Finland",1965-1970,0.2
"Finland",1970-1975,0.2
"Finland",1975-1980,0.3
"Finland",1980-1985,0.3
"Finland",1985-1990,0.3
"Finland",1990-1995,0.2
"Finland",1995-2000,0.1
"Finland",2000-2005,0
"Finland",2005-2010,-0.1
"Finland",2010-2015,-0.2
"Finland",2015-2020,-0.2
"Finland",2020-2025,-0.3
"France",1950-1955,0.2
"France",1955-1960,0.3
"France",1960-1965,0.4
"France",1965-1970,0.5
"France",1970-1975,0.6
"France",1975-1980,0.7
"France",1980-1985,0.7
"France",1985-1990,0.7
"France",1990-1995,0.7
"France",1995-2000,0.6
"France",2000-2005,0.6
"France",2005-2010,0.5
"France",2010-2015,0.4
"France",2015-2020,0.4
"France",2020-2025,0.3
"French Guiana",1950-1955,2.6
"French Guiana",1955-1960,2.6
"French Guiana",1960-1965,2.5
"French Guiana",1965-1970,2.4
"French Guiana",1970-1975,2.3
"French Guiana",1975-1980,2
"French Guiana",1980-1985,1.8
"French Guiana",1985-1990,1.5
"French Guiana",1990-1995,1.2
"French Guiana",1995-2000,0.9
"French Guiana",2000-2005,0.8
"French Guiana",2005-2010,0.6
"French Guiana",2010-2015,0.5
"French Guiana",2015-2020,0.4
"French Guiana",2020-2025,0.3
"French Polynesia",1950-1955,0.4
"French Polynesia",1955-1960,0.5
"French Polynesia",1960-1965,0.5
"French Polynesia",1965-1970,0.5
"French Polynesia",1970-1975,0.5
"French Polynesia",1975-1980,0.5
"French Polynesia",1980-1985,0.4
"French Polynesia",1985-1990,0.3
"French Polynesia",1990-1995,0.1
"French Polynesia",1995-2000,-0.1
"French Polynesia",2000-2005,-0.2
"French Polynesia",2005-2010,-0.3
"French Polynesia",2010-2015,-0.4
"French Polynesia",2015-2020,-0.4
"French Polynesia",2020-2025,-0.4
"Gabon",1950-1955,0.3
"Gabon",1955-1960,0.6
"Gabon",1960-1965,0.9
"Gabon",1965-1970,1.2
"Gabon",1970-1975,1.7
"Gabon",1975-1980,2.2
"Gabon",1980-1985,2.4
"Gabon",1985-1990,2.5
"Gabon",1990-1995,2.6
"Gabon",1995-2000,2.5
"Gabon",2000-2005,2.4
"Gabon",2005-2010,2.1
"Gabon",2010-2015,1.7
"Gabon",2015-2020,1.3
"Gabon",2020-2025,1.1
"Gambia",1950-1955,0.1
"Gambia",1955-1960,0.2
"Gambia",1960-1965,0.2
"Gambia",1965-1970,0.3
"Gambia",1970-1975,0.3
"Gambia",1975-1980,0.4
"Gambia",1980-1985,0.5
"Gambia",1985-1990,0.9
"Gambia",1990-1995,1.4
"Gambia",1995-2000,1.6
"Gambia",2000-2005,1.8
"Gambia",2005-2010,2
"Gambia",2010-2015,2.2
"Gambia",2015-2020,2.2
"Gambia",2020-2025,2.2
"Georgia",1950-1955,-0.2
"Georgia",1955-1960,0
"Georgia",1960-1965,0.2
"Georgia",1965-1970,0.3
"Georgia",1970-1975,0.4
"Georgia",1975-1980,0.5
"Georgia",1980-1985,0.5
"Georgia",1985-1990,0.5
"Georgia",1990-1995,0.4
"Georgia",1995-2000,0.4
"Georgia",2000-2005,0.3
"Georgia",2005-2010,0.1
"Georgia",2010-2015,0
"Georgia",2015-2020,0
"Georgia",2020-2025,-0.1
"Germany",1950-1955,2.3
"Germany",1955-1960,2.3
"Germany",1960-1965,2.3
"Germany",1965-1970,2.2
"Germany",1970-1975,2.1
"Germany",1975-1980,2
"Germany",1980-1985,1.9
"Germany",1985-1990,1.7
"Germany",1990-1995,1.5
"Germany",1995-2000,1.3
"Germany",2000-2005,1.1
"Germany",2005-2010,0.9
"Germany",2010-2015,0.8
"Germany",2015-2020,0.7
"Germany",2020-2025,0.5
"Ghana",1950-1955,0.9
"Ghana",1955-1960,1.2
"Ghana",1960-1965,1.6
"Ghana",1965-1970,1.9
"Ghana",1970-1975,2.3
"Ghana",1975-1980,2.6
"Ghana",1980-1985,2.7
"Ghana",1985-1990,2.7
"Ghana",1990-1995,2.7
"Ghana",1995-2000,2.6
"Ghana",2000-2005,2.6
"Ghana",2005-2010,2.6
"Ghana",2010-2015,2.4
"Ghana",2015-2020,2.2
"Ghana",2020-2025,2
"Greece",1950-1955,2.5
"Greece",1955-1960,2.3
"Greece",1960-1965,2.2
"Greece",1965-1970,2
"Greece",1970-1975,2
"Greece",1975-1980,1.8
"Greece",1980-1985,1.7
"Greece",1985-1990,1.5
"Greece",1990-1995,1.3
"Greece",1995-2000,1.1
"Greece",2000-2005,0.9
"Greece",2005-2010,0.7
"Greece",2010-2015,0.5
"Greece",2015-2020,0.4
"Greece",2020-2025,0.3
"Grenada",2015-2020,-0.4
"Grenada",2020-2025,-0.5
"Guadeloupe",1950-1955,0.5
"Guadeloupe",1955-1960,0.5
"Guadeloupe",1960-1965,0.5
"Guadeloupe",1965-1970,0.6
"Guadeloupe",1970-1975,0.4
"Guadeloupe",1975-1980,0.5
"Guadeloupe",1980-1985,0.5
"Guadeloupe",1985-1990,0.5
"Guadeloupe",1990-1995,0.4
"Guadeloupe",1995-2000,0.3
"Guadeloupe",2000-2005,0.2
"Guadeloupe",2005-2010,0.1
"Guadeloupe",2010-2015,0
"Guadeloupe",2015-2020,0
"Guadeloupe",2020-2025,0
"Guam",2015-2020,0.2
"Guam",2020-2025,0.1
"Guatemala",1950-1955,0.2
"Guatemala",1955-1960,0.3
"Guatemala",1960-1965,0.4
"Guatemala",1965-1970,0.5
"Guatemala",1970-1975,0.6
"Guatemala",1975-1980,0.7
"Guatemala",1980-1985,0.8
"Guatemala",1985-1990,0.9
"Guatemala",1990-1995,0.9
"Guatemala",1995-2000,1
"Guatemala",2000-2005,1
"Guatemala",2005-2010,1
"Guatemala",2010-2015,1
"Guatemala",2015-2020,0.9
"Guatemala",2020-2025,0.9
"Guinea",1950-1955,0.1
"Guinea",1955-1960,0.1
"Guinea",1960-1965,0.2
"Guinea",1965-1970,0.3
"Guinea",1970-1975,0.5
"Guinea",1975-1980,0.8
"Guinea",1980-1985,1.1
"Guinea",1985-1990,1.4
"Guinea",1990-1995,1.6
"Guinea",1995-2000,1.8
"Guinea",2000-2005,2.1
"Guinea",2005-2010,2.4
"Guinea",2010-2015,2.7
"Guinea",2015-2020,2.8
"Guinea",2020-2025,2.8
"Guinea-Bissau",1950-1955,0.1
"Guinea-Bissau",1955-1960,0.1
"Guinea-Bissau",1960-1965,0.2
"Guinea-Bissau",1965-1970,0.3
"Guinea-Bissau",1970-1975,0.4
"Guinea-Bissau",1975-1980,0.6
"Guinea-Bissau",1980-1985,0.9
"Guinea-Bissau",1985-1990,1.2
"Guinea-Bissau",1990-1995,1.6
"Guinea-Bissau",1995-2000,1.9
"Guinea-Bissau",2000-2005,2.2
"Guinea-Bissau",2005-2010,2.4
"Guinea-Bissau",2010-2015,2.6
"Guinea-Bissau",2015-2020,2.7
"Guinea-Bissau",2020-2025,2.6
"Guyana",1950-1955,1.7
"Guyana",1955-1960,1.5
"Guyana",1960-1965,1.3
"Guyana",1965-1970,1
"Guyana",1970-1975,0.8
"Guyana",1975-1980,0.5
"Guyana",1980-1985,0.3
"Guyana",1985-1990,0.1
"Guyana",1990-1995,-0.1
"Guyana",1995-2000,-0.2
"Guyana",2000-2005,-0.4
"Guyana",2005-2010,-0.5
"Guyana",2010-2015,-0.5
"Guyana",2015-2020,-0.5
"Guyana",2020-2025,-0.5
"Haiti",1950-1955,0.4
"Haiti",1955-1960,0.4
"Haiti",1960-1965,0.4
"Haiti",1965-1970,0.5
"Haiti",1970-1975,0.5
"Haiti",1975-1980,0.6
"Haiti",1980-1985,0.6
"Haiti",1985-1990,0.7
"Haiti",1990-1995,0.8
"Haiti",1995-2000,0.9
"Haiti",2000-2005,1
"Haiti",2005-2010,1
"Haiti",2010-2015,1
"Haiti",2015-2020,1
"Haiti",2020-2025,0.9
"Honduras",1950-1955,0
"Honduras",1955-1960,0
"Honduras",1960-1965,0
"Honduras",1965-1970,0
"Honduras",1970-1975,0.1
"Honduras",1975-1980,0.1
"Honduras",1980-1985,0.1
"Honduras",1985-1990,0.2
"Honduras",1990-1995,0.2
"Honduras",1995-2000,0.2
"Honduras",2000-2005,0.1
"Honduras",2005-2010,0.1
"Honduras",2010-2015,0
"Honduras",2015-2020,-0.1
"Honduras",2020-2025,-0.1
"Hong Kong Special Administrative Region of China",1950-1955,2.4
"Hong Kong Special Administrative Region of China",1955-1960,2.5
"Hong Kong Special Administrative Region of China",1960-1965,2.6
"Hong Kong Special Administrative Region of China",1965-1970,2.6
"Hong Kong Special Administrative Region of China",1970-1975,2.6
"Hong Kong Special Administrative Region of China",1975-1980,2.5
"Hong Kong Special Administrative Region of China",1980-1985,2.3
"Hong Kong Special Administrative Region of China",1985-1990,1.9
"Hong Kong Special Administrative Region of China",1990-1995,1.6
"Hong Kong Special Administrative Region of China",1995-2000,1.3
"Hong Kong Special Administrative Region of China",2000-2005,1.1
"Hong Kong Special Administrative Region of China",2005-2010,1
"Hong Kong Special Administrative Region of China",2010-2015,0.8
"Hong Kong Special Administrative Region of China",2015-2020,0.7
"Hong Kong Special Administrative Region of China",2020-2025,0.6
"Hungary",1950-1955,0.7
"Hungary",1955-1960,0.9
"Hungary",1960-1965,1
"Hungary",1965-1970,1
"Hungary",1970-1975,1.1
"Hungary",1975-1980,1.2
"Hungary",1980-1985,1.3
"Hungary",1985-1990,1.2
"Hungary",1990-1995,1.2
"Hungary",1995-2000,1.1
"Hungary",2000-2005,0.9
"Hungary",2005-2010,0.7
"Hungary",2010-2015,0.5
"Hungary",2015-2020,0.4
"Hungary",2020-2025,0.2
"Iceland",1950-1955,0.6
"Iceland",1955-1960,0.8
"Iceland",1960-1965,1
"Iceland",1965-1970,1.2
"Iceland",1970-1975,1.3
"Iceland",1975-1980,1.4
"Iceland",1980-1985,1.4
"Iceland",1985-1990,1.2
"Iceland",1990-1995,1
"Iceland",1995-2000,0.8
"Iceland",2000-2005,0.6
"Iceland",2005-2010,0.4
"Iceland",2010-2015,0.1
"Iceland",2015-2020,0
"Iceland",2020-2025,-0.2
"India",1950-1955,2
"India",1955-1960,2
"India",1960-1965,2
"India",1965-1970,2.1
"India",1970-1975,2.2
"India",1975-1980,2.4
"India",1980-1985,2.6
"India",1985-1990,2.7
"India",1990-1995,2.7
"India",1995-2000,2.8
"India",2000-2005,2.8
"India",2005-2010,2.7
"India",2010-2015,2.6
"India",2015-2020,2.4
"India",2020-2025,2.1
"Indonesia",1950-1955,1
"Indonesia",1955-1960,1.1
"Indonesia",1960-1965,1.2
"Indonesia",1965-1970,1.3
"Indonesia",1970-1975,1.4
"Indonesia",1975-1980,1.4
"Indonesia",1980-1985,1.4
"Indonesia",1985-1990,1.4
"Indonesia",1990-1995,1.4
"Indonesia",1995-2000,1.4
"Indonesia",2000-2005,1.3
"Indonesia",2005-2010,1.1
"Indonesia",2010-2015,0.9
"Indonesia",2015-2020,0.8
"Indonesia",2020-2025,0.7
"Iran (Islamic Republic of)",1950-1955,0.5
"Iran (Islamic Republic of)",1955-1960,0.6
"Iran (Islamic Republic of)",1960-1965,0.8
"Iran (Islamic Republic of)",1965-1970,1.1
"Iran (Islamic Republic of)",1970-1975,1.4
"Iran (Islamic Republic of)",1975-1980,1.7
"Iran (Islamic Republic of)",1980-1985,2.1
"Iran (Islamic Republic of)",1985-1990,2.2
"Iran (Islamic Republic of)",1990-1995,2.3
"Iran (Islamic Republic of)",1995-2000,2.2
"Iran (Islamic Republic of)",2000-2005,2
"Iran (Islamic Republic of)",2005-2010,1.7
"Iran (Islamic Republic of)",2010-2015,1.2
"Iran (Islamic Republic of)",2015-2020,0.9
"Iran (Islamic Republic of)",2020-2025,0.7
"Iraq",1950-1955,0.5
"Iraq",1955-1960,0.6
"Iraq",1960-1965,0.8
"Iraq",1965-1970,1.2
"Iraq",1970-1975,1.7
"Iraq",1975-1980,2.3
"Iraq",1980-1985,2.8
"Iraq",1985-1990,3
"Iraq",1990-1995,3.1
"Iraq",1995-2000,3
"Iraq",2000-2005,2.7
"Iraq",2005-2010,2.6
"Iraq",2010-2015,2.4
"Iraq",2015-2020,2
"Iraq",2020-2025,1.7
"Ireland",1950-1955,-0.2
"Ireland",1955-1960,-0.2
"Ireland",1960-1965,-0.2
"Ireland",1965-1970,-0.2
"Ireland",1970-1975,-0.2
"Ireland",1975-1980,-0.2
"Ireland",1980-1985,-0.2
"Ireland",1985-1990,-0.2
"Ireland",1990-1995,-0.2
"Ireland",1995-2000,-0.2
"Ireland",2000-2005,-0.2
"Ireland",2005-2010,-0.2
"Ireland",2010-2015,-0.3
"Ireland",2015-2020,-0.2
"Ireland",2020-2025,-0.2
"Israel",1950-1955,0.6
"Israel",1955-1960,0.6
"Israel",1960-1965,0.7
"Israel",1965-1970,0.8
"Israel",1970-1975,0.9
"Israel",1975-1980,0.9
"Israel",1980-1985,0.8
"Israel",1985-1990,0.7
"Israel",1990-1995,0.5
"Israel",1995-2000,0.3
"Israel",2000-2005,0
"Israel",2005-2010,-0.2
"Israel",2010-2015,-0.3
"Israel",2015-2020,-0.4
"Israel",2020-2025,-0.4
"Italy",1950-1955,0.5
"Italy",1955-1960,0.6
"Italy",1960-1965,0.7
"Italy",1965-1970,0.7
"Italy",1970-1975,0.8
"Italy",1975-1980,0.9
"Italy",1980-1985,0.9
"Italy",1985-1990,0.9
"Italy",1990-1995,0.8
"Italy",1995-2000,0.7
"Italy",2000-2005,0.6
"Italy",2005-2010,0.5
"Italy",2010-2015,0.4
"Italy",2015-2020,0.3
"Italy",2020-2025,0.1
"Jamaica",1950-1955,0.2
"Jamaica",1955-1960,0.2
"Jamaica",1960-1965,0.1
"Jamaica",1965-1970,0.1
"Jamaica",1970-1975,0.1
"Jamaica",1975-1980,0
"Jamaica",1980-1985,-0.1
"Jamaica",1985-1990,-0.3
"Jamaica",1990-1995,-0.4
"Jamaica",1995-2000,-0.6
"Jamaica",2000-2005,-0.7
"Jamaica",2005-2010,-0.8
"Jamaica",2010-2015,-0.8
"Jamaica",2015-2020,-0.8
"Jamaica",2020-2025,-0.8
"Japan",1950-1955,0.6
"Japan",1955-1960,0.6
"Japan",1960-1965,0.5
"Japan",1965-1970,0.5
"Japan",1970-1975,0.6
"Japan",1975-1980,0.6
"Japan",1980-1985,0.6
"Japan",1985-1990,0.6
"Japan",1990-1995,0.6
"Japan",1995-2000,0.5
"Japan",2000-2005,0.5
"Japan",2005-2010,0.4
"Japan",2010-2015,0.4
"Japan",2015-2020,0.3
"Japan",2020-2025,0.3
"Jordan",1950-1955,0.3
"Jordan",1955-1960,0.5
"Jordan",1960-1965,0.6
"Jordan",1965-1970,0.6
"Jordan",1970-1975,0.5
"Jordan",1975-1980,0.5
"Jordan",1980-1985,0.3
"Jordan",1985-1990,0.2
"Jordan",1990-1995,0.3
"Jordan",1995-2000,0.2
"Jordan",2000-2005,0.1
"Jordan",2005-2010,0.1
"Jordan",2010-2015,0.1
"Jordan",2015-2020,0
"Jordan",2020-2025,0
"Kazakhstan",1950-1955,2
"Kazakhstan",1955-1960,1.8
"Kazakhstan",1960-1965,1.7
"Kazakhstan",1965-1970,1.5
"Kazakhstan",1970-1975,1.4
"Kazakhstan",1975-1980,1.3
"Kazakhstan",1980-1985,1.1
"Kazakhstan",1985-1990,1
"Kazakhstan",1990-1995,0.8
"Kazakhstan",1995-2000,0.6
"Kazakhstan",2000-2005,0.4
"Kazakhstan",2005-2010,0.2
"Kazakhstan",2010-2015,0
"Kazakhstan",2015-2020,0
"Kazakhstan",2020-2025,-0.1
"Kenya",1950-1955,0.7
"Kenya",1955-1960,0.9
"Kenya",1960-1965,1.1
"Kenya",1965-1970,1.4
"Kenya",1970-1975,1.7
"Kenya",1975-1980,2.1
"Kenya",1980-1985,2.3
"Kenya",1985-1990,2.4
"Kenya",1990-1995,2.4
"Kenya",1995-2000,2.3
"Kenya",2000-2005,2.1
"Kenya",2005-2010,1.9
"Kenya",2010-2015,1.5
"Kenya",2015-2020,1.3
"Kenya",2020-2025,1
"Kiribati",1950-1955,2.6
"Kiribati",1955-1960,2.8
"Kiribati",1960-1965,2.9
"Kiribati",1965-1970,3
"Kiribati",1970-1975,3
"Kiribati",1975-1980,2.9
"Kiribati",1980-1985,2.7
"Kiribati",1985-1990,2.4
"Kiribati",1990-1995,2
"Kiribati",1995-2000,1.7
"Kiribati",2000-2005,1.4
"Kiribati",2005-2010,1.1
"Kiribati",2010-2015,0.7
"Kiribati",2015-2020,0.4
"Kiribati",2020-2025,0.2
"Kuwait",1950-1955,1.5
"Kuwait",1955-1960,1.8
"Kuwait",1960-1965,2.2
"Kuwait",1965-1970,2.2
"Kuwait",1970-1975,2
"Kuwait",1975-1980,1.7
"Kuwait",1980-1985,1.4
"Kuwait",1985-1990,1
"Kuwait",1990-1995,0.5
"Kuwait",1995-2000,0.2
"Kuwait",2000-2005,-0.1
"Kuwait",2005-2010,-0.3
"Kuwait",2010-2015,-0.7
"Kuwait",2015-2020,-0.9
"Kuwait",2020-2025,-0.9
"Kyrgyzstan",1950-1955,0.7
"Kyrgyzstan",1955-1960,0.9
"Kyrgyzstan",1960-1965,1.1
"Kyrgyzstan",1965-1970,1.3
"Kyrgyzstan",1970-1975,1.5
"Kyrgyzstan",1975-1980,1.5
"Kyrgyzstan",1980-1985,1.3
"Kyrgyzstan",1985-1990,1.1
"Kyrgyzstan",1990-1995,0.8
"Kyrgyzstan",1995-2000,0.6
"Kyrgyzstan",2000-2005,0.3
"Kyrgyzstan",2005-2010,0.1
"Kyrgyzstan",2010-2015,0
"Kyrgyzstan",2015-2020,-0.1
"Kyrgyzstan",2020-2025,-0.1
"Lao People's Democratic Republic",1950-1955,1.2
"Lao People's Democratic Republic",1955-1960,1.4
"Lao People's Democratic Republic",1960-1965,1.7
"Lao People's Democratic Republic",1965-1970,1.9
"Lao People's Democratic Republic",1970-1975,2.2
"Lao People's Democratic Republic",1975-1980,2.5
"Lao People's Democratic Republic",1980-1985,2.8
"Lao People's Democratic Republic",1985-1990,3
"Lao People's Democratic Republic",1990-1995,3
"Lao People's Democratic Republic",1995-2000,2.8
"Lao People's Democratic Republic",2000-2005,2.6
"Lao People's Democratic Republic",2005-2010,2.5
"Lao People's Democratic Republic",2010-2015,2.2
"Lao People's Democratic Republic",2015-2020,1.9
"Lao People's Democratic Republic",2020-2025,1.6
"Latvia",1950-1955,1.6
"Latvia",1955-1960,1.5
"Latvia",1960-1965,1.3
"Latvia",1965-1970,1.1
"Latvia",1970-1975,1
"Latvia",1975-1980,0.8
"Latvia",1980-1985,0.7
"Latvia",1985-1990,0.5
"Latvia",1990-1995,0.3
"Latvia",1995-2000,0.2
"Latvia",2000-2005,0
"Latvia",2005-2010,-0.1
"Latvia",2010-2015,-0.3
"Latvia",2015-2020,-0.4
"Latvia",2020-2025,-0.5
"Lebanon",1950-1955,1.3
"Lebanon",1955-1960,1.5
"Lebanon",1960-1965,1.7
"Lebanon",1965-1970,1.8
"Lebanon",1970-1975,1.9
"Lebanon",1975-1980,1.9
"Lebanon",1980-1985,1.7
"Lebanon",1985-1990,1.5
"Lebanon",1990-1995,1.2
"Lebanon",1995-2000,1.1
"Lebanon",2000-2005,0.9
"Lebanon",2005-2010,0.7
"Lebanon",2010-2015,0.5
"Lebanon",2015-2020,0.2
"Lebanon",2020-2025,0
"Lesotho",1950-1955,0.1
"Lesotho",1955-1960,-0.1
"Lesotho",1960-1965,-0.2
"Lesotho",1965-1970,-0.4
"Lesotho",1970-1975,-0.5
"Lesotho",1975-1980,-0.7
"Lesotho",1980-1985,-0.8
"Lesotho",1985-1990,-1
"Lesotho",1990-1995,-1.1
"Lesotho",1995-2000,-1.2
"Lesotho",2000-2005,-1.3
"Lesotho",2005-2010,-1.4
"Lesotho",2010-2015,-1.3
"Lesotho",2015-2020,-1.3
"Lesotho",2020-2025,-1.3
"Liberia",1950-1955,0.2
"Liberia",1955-1960,0.3
"Liberia",1960-1965,0.4
"Liberia",1965-1970,0.6
"Liberia",1970-1975,0.9
"Liberia",1975-1980,1.3
"Liberia",1980-1985,1.8
"Liberia",1985-1990,2.3
"Liberia",1990-1995,2.7
"Liberia",1995-2000,3.1
"Liberia",2000-2005,3.3
"Liberia",2005-2010,3.3
"Liberia",2010-2015,3.2
"Liberia",2015-2020,3.2
"Liberia",2020-2025,3
"Libyan Arab Jamahiriya",2015-2020,1.8
"Libyan Arab Jamahiriya",2020-2025,1.6
"Lithuania",1950-1955,0.8
"Lithuania",1955-1960,0.9
"Lithuania",1960-1965,1.1
"Lithuania",1965-1970,1.2
"Lithuania",1970-1975,1.2
"Lithuania",1975-1980,1.2
"Lithuania",1980-1985,1.2
"Lithuania",1985-1990,1
"Lithuania",1990-1995,0.8
"Lithuania",1995-2000,0.7
"Lithuania",2000-2005,0.4
"Lithuania",2005-2010,0.3
"Lithuania",2010-2015,0
"Lithuania",2015-2020,0
"Lithuania",2020-2025,-0.2
"Luxembourg",1950-1955,1.3
"Luxembourg",1955-1960,1.4
"Luxembourg",1960-1965,1.5
"Luxembourg",1965-1970,1.6
"Luxembourg",1970-1975,1.6
"Luxembourg",1975-1980,1.7
"Luxembourg",1980-1985,1.6
"Luxembourg",1985-1990,1.5
"Luxembourg",1990-1995,1.4
"Luxembourg",1995-2000,1.2
"Luxembourg",2000-2005,1
"Luxembourg",2005-2010,0.8
"Luxembourg",2010-2015,0.6
"Luxembourg",2015-2020,0.4
"Luxembourg",2020-2025,0.3
"Macao Special Administrative Region of China",1950-1955,2.4
"Macao Special Administrative Region of China",1955-1960,2.6
"Macao Special Administrative Region of China",1960-1965,2.7
"Macao Special Administrative Region of China",1965-1970,2.8
"Macao Special Administrative Region of China",1970-1975,2.8
"Macao Special Administrative Region of China",1975-1980,2.9
"Macao Special Administrative Region of China",1980-1985,2.8
"Macao Special Administrative Region of China",1985-1990,2.1
"Macao Special Administrative Region of China",1990-1995,1.5
"Macao Special Administrative Region of China",1995-2000,1.1
"Macao Special Administrative Region of China",2000-2005,0.8
"Macao Special Administrative Region of China",2005-2010,0.8
"Macao Special Administrative Region of China",2010-2015,0.6
"Macao Special Administrative Region of China",2015-2020,0.4
"Macao Special Administrative Region of China",2020-2025,0.4
"Madagascar",1950-1955,0.2
"Madagascar",1955-1960,0.2
"Madagascar",1960-1965,0.3
"Madagascar",1965-1970,0.4
"Madagascar",1970-1975,0.5
"Madagascar",1975-1980,0.6
"Madagascar",1980-1985,0.8
"Madagascar",1985-1990,1
"Madagascar",1990-1995,1
"Madagascar",1995-2000,1
"Madagascar",2000-2005,1
"Madagascar",2005-2010,0.8
"Madagascar",2010-2015,0.7
"Madagascar",2015-2020,0.6
"Madagascar",2020-2025,0.5
"Malawi",1950-1955,1.3
"Malawi",1955-1960,1.4
"Malawi",1960-1965,1.5
"Malawi",1965-1970,1.6
"Malawi",1970-1975,1.9
"Malawi",1975-1980,2.1
"Malawi",1980-1985,2.3
"Malawi",1985-1990,2.4
"Malawi",1990-1995,2.5
"Malawi",1995-2000,2.5
"Malawi",2000-2005,2.6
"Malawi",2005-2010,2.6
"Malawi",2010-2015,2.5
"Malawi",2015-2020,2.4
"Malawi",2020-2025,2.1
"Malaysia",1950-1955,1.7
"Malaysia",1955-1960,1.7
"Malaysia",1960-1965,1.8
"Malaysia",1965-1970,2
"Malaysia",1970-1975,2.1
"Malaysia",1975-1980,2.1
"Malaysia",1980-1985,2.1
"Malaysia",1985-1990,2
"Malaysia",1990-1995,1.8
"Malaysia",1995-2000,1.5
"Malaysia",2000-2005,1.2
"Malaysia",2005-2010,1
"Malaysia",2010-2015,0.8
"Malaysia",2015-2020,0.6
"Malaysia",2020-2025,0.4
"Maldives",1950-1955,0.4
"Maldives",1955-1960,0.3
"Maldives",1960-1965,0.3
"Maldives",1965-1970,0.2
"Maldives",1970-1975,0.1
"Maldives",1975-1980,0.1
"Maldives",1980-1985,0.1
"Maldives",1985-1990,0.1
"Maldives",1990-1995,0.1
"Maldives",1995-2000,0.2
"Maldives",2000-2005,0.3
"Maldives",2005-2010,0.2
"Maldives",2010-2015,0.5
"Maldives",2015-2020,0.5
"Maldives",2020-2025,0.5
"Mali",1950-1955,0.3
"Mali",1955-1960,0.3
"Mali",1960-1965,0.3
"Mali",1965-1970,0.3
"Mali",1970-1975,0.3
"Mali",1975-1980,0.4
"Mali",1980-1985,0.5
"Mali",1985-1990,0.7
"Mali",1990-1995,0.8
"Mali",1995-2000,0.9
"Mali",2000-2005,0.9
"Mali",2005-2010,1
"Mali",2010-2015,1.1
"Mali",2015-2020,1.2
"Mali",2020-2025,1.3
"Malta",1950-1955,1.4
"Malta",1955-1960,1.3
"Malta",1960-1965,1.3
"Malta",1965-1970,1.2
"Malta",1970-1975,1.2
"Malta",1975-1980,1.1
"Malta",1980-1985,1.1
"Malta",1985-1990,1.1
"Malta",1990-1995,1
"Malta",1995-2000,1
"Malta",2000-2005,0.9
"Malta",2005-2010,0.8
"Malta",2010-2015,0.7
"Malta",2015-2020,0.5
"Malta",2020-2025,0.4
"Martinique",1950-1955,1.7
"Martinique",1955-1960,1.7
"Martinique",1960-1965,1.5
"Martinique",1965-1970,1.4
"Martinique",1970-1975,1.3
"Martinique",1975-1980,1.2
"Martinique",1980-1985,1.1
"Martinique",1985-1990,0.9
"Martinique",1990-1995,0.7
"Martinique",1995-2000,0.6
"Martinique",2000-2005,0.4
"Martinique",2005-2010,0.2
"Martinique",2010-2015,0.1
"Martinique",2015-2020,0
"Martinique",2020-2025,-0.1
"Mauritania",2015-2020,1.4
"Mauritania",2020-2025,1.3
"Mauritius",1950-1955,1
"Mauritius",1955-1960,1.1
"Mauritius",1960-1965,1.2
"Mauritius",1965-1970,1.4
"Mauritius",1970-1975,1.7
"Mauritius",1975-1980,1.9
"Mauritius",1980-1985,1.9
"Mauritius",1985-1990,1.8
"Mauritius",1990-1995,1.7
"Mauritius",1995-2000,1.5
"Mauritius",2000-2005,1.2
"Mauritius",2005-2010,1
"Mauritius",2010-2015,0.9
"Mauritius",2015-2020,0.7
"Mauritius",2020-2025,0.6
"Mayotte",2015-2020,-0.1
"Mayotte",2020-2025,-0.1
"Mexico",1950-1955,0.4
"Mexico",1955-1960,0.4
"Mexico",1960-1965,0.4
"Mexico",1965-1970,0.4
"Mexico",1970-1975,0.5
"Mexico",1975-1980,0.6
"Mexico",1980-1985,0.7
"Mexico",1985-1990,0.8
"Mexico",1990-1995,0.8
"Mexico",1995-2000,0.8
"Mexico",2000-2005,0.7
"Mexico",2005-2010,0.6
"Mexico",2010-2015,0.5
"Mexico",2015-2020,0.5
"Mexico",2020-2025,0.4
"Micronesia (Federated States of)",1950-1955,0.6
"Micronesia (Federated States of)",1955-1960,0.9
"Micronesia (Federated States of)",1960-1965,1.3
"Micronesia (Federated States of)",1965-1970,1.7
"Micronesia (Federated States of)",1970-1975,2
"Micronesia (Federated States of)",1975-1980,1.9
"Micronesia (Federated States of)",1980-1985,2.1
"Micronesia (Federated States of)",1985-1990,2
"Micronesia (Federated States of)",1990-1995,1.9
"Micronesia (Federated States of)",1995-2000,1.7
"Micronesia (Federated States of)",2000-2005,1.4
"Micronesia (Federated States of)",2005-2010,1.2
"Micronesia (Federated States of)",2010-2015,1
"Micronesia (Federated States of)",2015-2020,0.7
"Micronesia (Federated States of)",2020-2025,0.4
"Mongolia",1950-1955,1.4
"Mongolia",1955-1960,1.6
"Mongolia",1960-1965,1.7
"Mongolia",1965-1970,1.8
"Mongolia",1970-1975,1.8
"Mongolia",1975-1980,1.8
"Mongolia",1980-1985,1.5
"Mongolia",1985-1990,1.2
"Mongolia",1990-1995,0.8
"Mongolia",1995-2000,0.4
"Mongolia",2000-2005,0
"Mongolia",2005-2010,-0.3
"Mongolia",2010-2015,-0.6
"Mongolia",2015-2020,-0.7
"Mongolia",2020-2025,-0.8
"Montenegro",1950-1955,2.3
"Montenegro",1955-1960,2.7
"Montenegro",1960-1965,3.1
"Montenegro",1965-1970,3.3
"Montenegro",1970-1975,3.3
"Montenegro",1975-1980,3.2
"Montenegro",1980-1985,3.1
"Montenegro",1985-1990,2.8
"Montenegro",1990-1995,2.4
"Montenegro",1995-2000,2.1
"Montenegro",2000-2005,1.8
"Montenegro",2005-2010,1.5
"Montenegro",2010-2015,1.1
"Montenegro",2015-2020,0.9
"Montenegro",2020-2025,0.6
"Morocco",1950-1955,0.1
"Morocco",1955-1960,0.1
"Morocco",1960-1965,0.2
"Morocco",1965-1970,0.3
"Morocco",1970-1975,0.5
"Morocco",1975-1980,0.7
"Morocco",1980-1985,1
"Morocco",1985-1990,1.4
"Morocco",1990-1995,1.6
"Morocco",1995-2000,1.8
"Morocco",2000-2005,1.9
"Morocco",2005-2010,1.8
"Morocco",2010-2015,1.8
"Morocco",2015-2020,1.7
"Morocco",2020-2025,1.7
"Mozambique",1950-1955,0.2
"Mozambique",1955-1960,0.2
"Mozambique",1960-1965,0.3
"Mozambique",1965-1970,0.4
"Mozambique",1970-1975,0.5
"Mozambique",1975-1980,0.6
"Mozambique",1980-1985,0.8
"Mozambique",1985-1990,0.9
"Mozambique",1990-1995,1
"Mozambique",1995-2000,1.1
"Mozambique",2000-2005,1.1
"Mozambique",2005-2010,1.2
"Mozambique",2010-2015,1.3
"Mozambique",2015-2020,1.3
"Mozambique",2020-2025,1.3
"Myanmar",1950-1955,0.8
"Myanmar",1955-1960,0.9
"Myanmar",1960-1965,1
"Myanmar",1965-1970,1.1
"Myanmar",1970-1975,1.2
"Myanmar",1975-1980,1.3
"Myanmar",1980-1985,1.3
"Myanmar",1985-1990,1.3
"Myanmar",1990-1995,1.3
"Myanmar",1995-2000,1.3
"Myanmar",2000-2005,1.2
"Myanmar",2005-2010,1.1
"Myanmar",2010-2015,0.9
"Myanmar",2015-2020,0.8
"Myanmar",2020-2025,0.7
"Namibia",1950-1955,0.1
"Namibia",1955-1960,0.2
"Namibia",1960-1965,0.2
"Namibia",1965-1970,0.3
"Namibia",1970-1975,0.4
"Namibia",1975-1980,0.5
"Namibia",1980-1985,0.5
"Namibia",1985-1990,0.5
"Namibia",1990-1995,0.6
"Namibia",1995-2000,0.6
"Namibia",2000-2005,0.4
"Namibia",2005-2010,0.3
"Namibia",2010-2015,0.2
"Namibia",2015-2020,0.1
"Namibia",2020-2025,0.1
"Nepal",1950-1955,0.4
"Nepal",1955-1960,0.5
"Nepal",1960-1965,0.6
"Nepal",1965-1970,0.8
"Nepal",1970-1975,1
"Nepal",1975-1980,1.2
"Nepal",1980-1985,1.6
"Nepal",1985-1990,1.9
"Nepal",1990-1995,2.2
"Nepal",1995-2000,2.5
"Nepal",2000-2005,2.6
"Nepal",2005-2010,2.6
"Nepal",2010-2015,2.4
"Nepal",2015-2020,2.4
"Nepal",2020-2025,2.2
"Netherlands",1950-1955,2.9
"Netherlands",1955-1960,2.7
"Netherlands",1960-1965,2.5
"Netherlands",1965-1970,2.3
"Netherlands",1970-1975,2.1
"Netherlands",1975-1980,2
"Netherlands",1980-1985,1.8
"Netherlands",1985-1990,1.6
"Netherlands",1990-1995,1.4
"Netherlands",1995-2000,1.2
"Netherlands",2000-2005,1
"Netherlands",2005-2010,0.8
"Netherlands",2010-2015,0.7
"Netherlands",2015-2020,0.6
"Netherlands",2020-2025,0.5
"New Caledonia",1950-1955,-0.1
"New Caledonia",1955-1960,0.2
"New Caledonia",1960-1965,0.3
"New Caledonia",1965-1970,0.5
"New Caledonia",1970-1975,0.6
"New Caledonia",1975-1980,0.8
"New Caledonia",1980-1985,0.8
"New Caledonia",1985-1990,0.7
"New Caledonia",1990-1995,0.7
"New Caledonia",1995-2000,0.6
"New Caledonia",2000-2005,0.4
"New Caledonia",2005-2010,0.3
"New Caledonia",2010-2015,0.2
"New Caledonia",2015-2020,0.2
"New Caledonia",2020-2025,0.1
"New Zealand",1950-1955,1.2
"New Zealand",1955-1960,1.3
"New Zealand",1960-1965,1.3
"New Zealand",1965-1970,1.4
"New Zealand",1970-1975,1.4
"New Zealand",1975-1980,1.3
"New Zealand",1980-1985,1.2
"New Zealand",1985-1990,1.1
"New Zealand",1990-1995,1
"New Zealand",1995-2000,0.8
"New Zealand",2000-2005,0.7
"New Zealand",2005-2010,0.5
"New Zealand",2010-2015,0.4
"New Zealand",2015-2020,0.2
"New Zealand",2020-2025,0.2
"Nicaragua",1950-1955,0.2
"Nicaragua",1955-1960,0.2
"Nicaragua",1960-1965,0.2
"Nicaragua",1965-1970,0.3
"Nicaragua",1970-1975,0.3
"Nicaragua",1975-1980,0.4
"Nicaragua",1980-1985,0.5
"Nicaragua",1985-1990,0.5
"Nicaragua",1990-1995,0.5
"Nicaragua",1995-2000,0.4
"Nicaragua",2000-2005,0.2
"Nicaragua",2005-2010,0.1
"Nicaragua",2010-2015,0
"Nicaragua",2015-2020,-0.1
"Nicaragua",2020-2025,-0.2
"Niger",1950-1955,0
"Niger",1955-1960,0
"Niger",1960-1965,0
"Niger",1965-1970,0
"Niger",1970-1975,0.1
"Niger",1975-1980,0.1
"Niger",1980-1985,0.3
"Niger",1985-1990,0.4
"Niger",1990-1995,0.5
"Niger",1995-2000,0.6
"Niger",2000-2005,0.7
"Niger",2005-2010,0.8
"Niger",2010-2015,0.9
"Niger",2015-2020,1.1
"Niger",2020-2025,1.2
"Nigeria",1950-1955,0.9
"Nigeria",1955-1960,1
"Nigeria",1960-1965,1.1
"Nigeria",1965-1970,1.2
"Nigeria",1970-1975,1.3
"Nigeria",1975-1980,1.4
"Nigeria",1980-1985,1.6
"Nigeria",1985-1990,1.7
"Nigeria",1990-1995,2
"Nigeria",1995-2000,2.3
"Nigeria",2000-2005,2.5
"Nigeria",2005-2010,2.6
"Nigeria",2010-2015,2.6
"Nigeria",2015-2020,2.6
"Nigeria",2020-2025,2.4
"Norway",1950-1955,0.5
"Norway",1955-1960,0.4
"Norway",1960-1965,0.4
"Norway",1965-1970,0.4
"Norway",1970-1975,0.4
"Norway",1975-1980,0.4
"Norway",1980-1985,0.4
"Norway",1985-1990,0.4
"Norway",1990-1995,0.4
"Norway",1995-2000,0.3
"Norway",2000-2005,0.3
"Norway",2005-2010,0.2
"Norway",2010-2015,0
"Norway",2015-2020,0
"Norway",2020-2025,-0.1
"Occupied Palestinian Territory",1950-1955,0.6
"Occupied Palestinian Territory",1955-1960,0.9
"Occupied Palestinian Territory",1960-1965,1.4
"Occupied Palestinian Territory",1965-1970,2
"Occupied Palestinian Territory",1970-1975,2.6
"Occupied Palestinian Territory",1975-1980,2.9
"Occupied Palestinian Territory",1980-1985,2.9
"Occupied Palestinian Territory",1985-1990,2.8
"Occupied Palestinian Territory",1990-1995,2.5
"Occupied Palestinian Territory",1995-2000,2.1
"Occupied Palestinian Territory",2000-2005,1.7
"Occupied Palestinian Territory",2005-2010,1.1
"Occupied Palestinian Territory",2010-2015,0.7
"Occupied Palestinian Territory",2015-2020,0.4
"Occupied Palestinian Territory",2020-2025,0.1
"Oman",1950-1955,0.1
"Oman",1955-1960,0.2
"Oman",1960-1965,0.3
"Oman",1965-1970,0.5
"Oman",1970-1975,0.9
"Oman",1975-1980,1.5
"Oman",1980-1985,2.3
"Oman",1985-1990,2.9
"Oman",1990-1995,3.2
"Oman",1995-2000,3.4
"Oman",2000-2005,2.9
"Oman",2005-2010,2
"Oman",2010-2015,1.4
"Oman",2015-2020,1.2
"Oman",2020-2025,0.8
"Pakistan",1950-1955,0.9
"Pakistan",1955-1960,0.9
"Pakistan",1960-1965,1
"Pakistan",1965-1970,1.1
"Pakistan",1970-1975,1.3
"Pakistan",1975-1980,1.5
"Pakistan",1980-1985,1.7
"Pakistan",1985-1990,1.9
"Pakistan",1990-1995,2.1
"Pakistan",1995-2000,2.3
"Pakistan",2000-2005,2.4
"Pakistan",2005-2010,2.4
"Pakistan",2010-2015,2.4
"Pakistan",2015-2020,2.4
"Pakistan",2020-2025,2.3
"Panama",1950-1955,-0.4
"Panama",1955-1960,-0.5
"Panama",1960-1965,-0.4
"Panama",1965-1970,-0.4
"Panama",1970-1975,-0.3
"Panama",1975-1980,-0.3
"Panama",1980-1985,-0.2
"Panama",1985-1990,-0.2
"Panama",1990-1995,-0.2
"Panama",1995-2000,-0.2
"Panama",2000-2005,-0.2
"Panama",2005-2010,-0.3
"Panama",2010-2015,-0.3
"Panama",2015-2020,-0.4
"Panama",2020-2025,-0.4
"Papua New Guinea",2015-2020,1.9
"Papua New Guinea",2020-2025,1.7
"Paraguay",1950-1955,0.4
"Paraguay",1955-1960,0.4
"Paraguay",1960-1965,0.4
"Paraguay",1965-1970,0.4
"Paraguay",1970-1975,0.4
"Paraguay",1975-1980,0.4
"Paraguay",1980-1985,0.4
"Paraguay",1985-1990,0.3
"Paraguay",1990-1995,0.3
"Paraguay",1995-2000,0.2
"Paraguay",2000-2005,0.1
"Paraguay",2005-2010,0.1
"Paraguay",2010-2015,0
"Paraguay",2015-2020,-0.1
"Paraguay",2020-2025,-0.1
"Peru",1950-1955,1.4
"Peru",1955-1960,1.4
"Peru",1960-1965,1.5
"Peru",1965-1970,1.6
"Peru",1970-1975,1.7
"Peru",1975-1980,1.7
"Peru",1980-1985,1.7
"Peru",1985-1990,1.6
"Peru",1990-1995,1.5
"Peru",1995-2000,1.4
"Peru",2000-2005,1.2
"Peru",2005-2010,1.1
"Peru",2010-2015,1
"Peru",2015-2020,0.8
"Peru",2020-2025,0.7
"Philippines",1950-1955,0.8
"Philippines",1955-1960,0.7
"Philippines",1960-1965,0.7
"Philippines",1965-1970,0.6
"Philippines",1970-1975,0.5
"Philippines",1975-1980,0.4
"Philippines",1980-1985,0.3
"Philippines",1985-1990,0.2
"Philippines",1990-1995,0.1
"Philippines",1995-2000,0
"Philippines",2000-2005,-0.1
"Philippines",2005-2010,-0.1
"Philippines",2010-2015,-0.1
"Philippines",2015-2020,-0.2
"Philippines",2020-2025,-0.2
"Poland",1950-1955,0.7
"Poland",1955-1960,0.8
"Poland",1960-1965,0.9
"Poland",1965-1970,0.9
"Poland",1970-1975,0.9
"Poland",1975-1980,0.8
"Poland",1980-1985,0.7
"Poland",1985-1990,0.6
"Poland",1990-1995,0.5
"Poland",1995-2000,0.4
"Poland",2000-2005,0.3
"Poland",2005-2010,0.2
"Poland",2010-2015,0
"Poland",2015-2020,-0.2
"Poland",2020-2025,-0.3
"Portugal",1950-1955,0.7
"Portugal",1955-1960,0.7
"Portugal",1960-1965,0.8
"Portugal",1965-1970,0.8
"Portugal",1970-1975,0.8
"Portugal",1975-1980,0.8
"Portugal",1980-1985,0.8
"Portugal",1985-1990,0.7
"Portugal",1990-1995,0.6
"Portugal",1995-2000,0.5
"Portugal",2000-2005,0.4
"Portugal",2005-2010,0.3
"Portugal",2010-2015,0.2
"Portugal",2015-2020,0.1
"Portugal",2020-2025,0
"Puerto Rico",1950-1955,0.5
"Puerto Rico",1955-1960,0.6
"Puerto Rico",1960-1965,0.6
"Puerto Rico",1965-1970,0.5
"Puerto Rico",1970-1975,0.5
"Puerto Rico",1975-1980,0.4
"Puerto Rico",1980-1985,0.3
"Puerto Rico",1985-1990,0.1
"Puerto Rico",1990-1995,0
"Puerto Rico",1995-2000,-0.1
"Puerto Rico",2000-2005,-0.2
"Puerto Rico",2005-2010,-0.3
"Puerto Rico",2010-2015,-0.4
"Puerto Rico",2015-2020,-0.4
"Puerto Rico",2020-2025,-0.4
"Qatar",1950-1955,1.3
"Qatar",1955-1960,1.5
"Qatar",1960-1965,1.7
"Qatar",1965-1970,2
"Qatar",1970-1975,2.2
"Qatar",1975-1980,2.5
"Qatar",1980-1985,2.2
"Qatar",1985-1990,1.9
"Qatar",1990-1995,1.4
"Qatar",1995-2000,0.4
"Qatar",2000-2005,-0.2
"Qatar",2005-2010,-1.1
"Qatar",2010-2015,-1.7
"Qatar",2015-2020,-1.9
"Qatar",2020-2025,-1.9
"Republic of Korea",1950-1955,1.6
"Republic of Korea",1955-1960,1.9
"Republic of Korea",1960-1965,2.3
"Republic of Korea",1965-1970,2.8
"Republic of Korea",1970-1975,2.9
"Republic of Korea",1975-1980,3
"Republic of Korea",1980-1985,2.8
"Republic of Korea",1985-1990,2.6
"Republic of Korea",1990-1995,2.3
"Republic of Korea",1995-2000,2.1
"Republic of Korea",2000-2005,1.8
"Republic of Korea",2005-2010,1.6
"Republic of Korea",2010-2015,1.4
"Republic of Korea",2015-2020,1.3
"Republic of Korea",2020-2025,1.1
"Republic of Moldova",1950-1955,0.3
"Republic of Moldova",1955-1960,0.7
"Republic of Moldova",1960-1965,0.9
"Republic of Moldova",1965-1970,1.1
"Republic of Moldova",1970-1975,1.2
"Republic of Moldova",1975-1980,1.4
"Republic of Moldova",1980-1985,1.4
"Republic of Moldova",1985-1990,1.4
"Republic of Moldova",1990-1995,1.2
"Republic of Moldova",1995-2000,1
"Republic of Moldova",2000-2005,0.8
"Republic of Moldova",2005-2010,0.6
"Republic of Moldova",2010-2015,0.4
"Republic of Moldova",2015-2020,0.2
"Republic of Moldova",2020-2025,0
"Reunion",1950-1955,0.2
"Reunion",1955-1960,0.3
"Reunion",1960-1965,0.4
"Reunion",1965-1970,0.4
"Reunion",1970-1975,0.5
"Reunion",1975-1980,0.6
"Reunion",1980-1985,0.7
"Reunion",1985-1990,0.8
"Reunion",1990-1995,0.8
"Reunion",1995-2000,0.7
"Reunion",2000-2005,0.6
"Reunion",2005-2010,0.5
"Reunion",2010-2015,0.4
"Reunion",2015-2020,0.3
"Reunion",2020-2025,0.3
"Romania",1950-1955,1.8
"Romania",1955-1960,1.8
"Romania",1960-1965,1.8
"Romania",1965-1970,1.8
"Romania",1970-1975,1.8
"Romania",1975-1980,1.8
"Romania",1980-1985,1.7
"Romania",1985-1990,1.6
"Romania",1990-1995,1.4
"Romania",1995-2000,1.3
"Romania",2000-2005,1.1
"Romania",2005-2010,0.9
"Romania",2010-2015,0.7
"Romania",2015-2020,0.6
"Romania",2020-2025,0.4
"Russian Federation",1950-1955,0.8
"Russian Federation",1955-1960,1
"Russian Federation",1960-1965,1.2
"Russian Federation",1965-1970,1.4
"Russian Federation",1970-1975,1.4
"Russian Federation",1975-1980,1.5
"Russian Federation",1980-1985,1.4
"Russian Federation",1985-1990,1.3
"Russian Federation",1990-1995,1.1
"Russian Federation",1995-2000,1
"Russian Federation",2000-2005,0.7
"Russian Federation",2005-2010,0.5
"Russian Federation",2010-2015,0.2
"Russian Federation",2015-2020,0.2
"Russian Federation",2020-2025,0.1
"Rwanda",1950-1955,0.4
"Rwanda",1955-1960,0.6
"Rwanda",1960-1965,0.8
"Rwanda",1965-1970,0.9
"Rwanda",1970-1975,1
"Rwanda",1975-1980,1.1
"Rwanda",1980-1985,1.1
"Rwanda",1985-1990,1
"Rwanda",1990-1995,1
"Rwanda",1995-2000,1
"Rwanda",2000-2005,1
"Rwanda",2005-2010,1
"Rwanda",2010-2015,1.1
"Rwanda",2015-2020,1
"Rwanda",2020-2025,1
"Saint Lucia",1950-1955,-0.4
"Saint Lucia",1955-1960,-0.4
"Saint Lucia",1960-1965,-0.4
"Saint Lucia",1965-1970,-0.4
"Saint Lucia",1970-1975,-0.4
"Saint Lucia",1975-1980,-0.2
"Saint Lucia",1980-1985,-0.2
"Saint Lucia",1985-1990,-0.2
"Saint Lucia",1990-1995,-0.2
"Saint Lucia",1995-2000,-0.3
"Saint Lucia",2000-2005,-0.4
"Saint Lucia",2005-2010,-0.5
"Saint Lucia",2010-2015,-0.5
"Saint Lucia",2015-2020,-0.5
"Saint Lucia",2020-2025,-0.5
"Saint Vincent and the Grenadines",1950-1955,1.1
"Saint Vincent and the Grenadines",1955-1960,0.9
"Saint Vincent and the Grenadines",1960-1965,0.9
"Saint Vincent and the Grenadines",1965-1970,0.7
"Saint Vincent and the Grenadines",1970-1975,0.6
"Saint Vincent and the Grenadines",1975-1980,0.5
"Saint Vincent and the Grenadines",1980-1985,0.3
"Saint Vincent and the Grenadines",1985-1990,0.1
"Saint Vincent and the Grenadines",1990-1995,-0.1
"Saint Vincent and the Grenadines",1995-2000,-0.3
"Saint Vincent and the Grenadines",2000-2005,-0.5
"Saint Vincent and the Grenadines",2005-2010,-0.6
"Saint Vincent and the Grenadines",2010-2015,-0.8
"Saint Vincent and the Grenadines",2015-2020,-0.8
"Saint Vincent and the Grenadines",2020-2025,-0.9
"Samoa",1950-1955,-0.3
"Samoa",1955-1960,-0.2
"Samoa",1960-1965,-0.1
"Samoa",1965-1970,0
"Samoa",1970-1975,0.1
"Samoa",1975-1980,0.1
"Samoa",1980-1985,0.1
"Samoa",1985-1990,0.1
"Samoa",1990-1995,0.1
"Samoa",1995-2000,0.1
"Samoa",2000-2005,0
"Samoa",2005-2010,-0.1
"Samoa",2010-2015,-0.1
"Samoa",2015-2020,-0.2
"Samoa",2020-2025,-0.2
"Sao Tome and Principe",1950-1955,0
"Sao Tome and Principe",1955-1960,0.1
"Sao Tome and Principe",1960-1965,0.2
"Sao Tome and Principe",1965-1970,0.2
"Sao Tome and Principe",1970-1975,0.3
"Sao Tome and Principe",1975-1980,0.4
"Sao Tome and Principe",1980-1985,0.6
"Sao Tome and Principe",1985-1990,0.9
"Sao Tome and Principe",1990-1995,1.1
"Sao Tome and Principe",1995-2000,1.3
"Sao Tome and Principe",2000-2005,1.4
"Sao Tome and Principe",2005-2010,1.2
"Sao Tome and Principe",2010-2015,1.1
"Sao Tome and Principe",2015-2020,1
"Sao Tome and Principe",2020-2025,0.9
"Saudi Arabia",1950-1955,1
"Saudi Arabia",1955-1960,1.3
"Saudi Arabia",1960-1965,1.7
"Saudi Arabia",1965-1970,2.1
"Saudi Arabia",1970-1975,2.5
"Saudi Arabia",1975-1980,2.9
"Saudi Arabia",1980-1985,3.4
"Saudi Arabia",1985-1990,3.8
"Saudi Arabia",1990-1995,3.9
"Saudi Arabia",1995-2000,3.9
"Saudi Arabia",2000-2005,3.6
"Saudi Arabia",2005-2010,3
"Saudi Arabia",2010-2015,2.2
"Saudi Arabia",2015-2020,1.7
"Saudi Arabia",2020-2025,1.3
"Senegal",1950-1955,0.4
"Senegal",1955-1960,0.5
"Senegal",1960-1965,0.6
"Senegal",1965-1970,0.8
"Senegal",1970-1975,0.9
"Senegal",1975-1980,1.1
"Senegal",1980-1985,1.3
"Senegal",1985-1990,1.3
"Senegal",1990-1995,1.4
"Senegal",1995-2000,1.4
"Senegal",2000-2005,1.4
"Senegal",2005-2010,1.4
"Senegal",2010-2015,1.4
"Senegal",2015-2020,1.4
"Senegal",2020-2025,1.4
"Serbia",1950-1955,2.2
"Serbia",1955-1960,2.6
"Serbia",1960-1965,2.9
"Serbia",1965-1970,3
"Serbia",1970-1975,3.1
"Serbia",1975-1980,3
"Serbia",1980-1985,2.8
"Serbia",1985-1990,2.6
"Serbia",1990-1995,2.3
"Serbia",1995-2000,2
"Serbia",2000-2005,1.7
"Serbia",2005-2010,1.4
"Serbia",2010-2015,1
"Serbia",2015-2020,0.7
"Serbia",2020-2025,0.5
"Seychelles",2015-2020,0.4
"Seychelles",2020-2025,0.3
"Sierra Leone",1950-1955,0
"Sierra Leone",1955-1960,0.2
"Sierra Leone",1960-1965,0.4
"Sierra Leone",1965-1970,0.6
"Sierra Leone",1970-1975,0.8
"Sierra Leone",1975-1980,1.1
"Sierra Leone",1980-1985,1.3
"Sierra Leone",1985-1990,1.6
"Sierra Leone",1990-1995,1.8
"Sierra Leone",1995-2000,2
"Sierra Leone",2000-2005,2.2
"Sierra Leone",2005-2010,2.3
"Sierra Leone",2010-2015,2.4
"Sierra Leone",2015-2020,2.4
"Sierra Leone",2020-2025,2.3
"Singapore",1950-1955,1.6
"Singapore",1955-1960,1.8
"Singapore",1960-1965,2.1
"Singapore",1965-1970,2.4
"Singapore",1970-1975,2.5
"Singapore",1975-1980,2.6
"Singapore",1980-1985,2.5
"Singapore",1985-1990,2.3
"Singapore",1990-1995,2
"Singapore",1995-2000,1.8
"Singapore",2000-2005,1.7
"Singapore",2005-2010,1.5
"Singapore",2010-2015,1.4
"Singapore",2015-2020,1.1
"Singapore",2020-2025,1
"Slovakia",1950-1955,2
"Slovakia",1955-1960,1.9
"Slovakia",1960-1965,1.8
"Slovakia",1965-1970,1.7
"Slovakia",1970-1975,1.6
"Slovakia",1975-1980,1.4
"Slovakia",1980-1985,1.3
"Slovakia",1985-1990,1.1
"Slovakia",1990-1995,0.9
"Slovakia",1995-2000,0.8
"Slovakia",2000-2005,0.6
"Slovakia",2005-2010,0.5
"Slovakia",2010-2015,0.3
"Slovakia",2015-2020,0.2
"Slovakia",2020-2025,0.1
"Slovenia",1950-1955,-1.9
"Slovenia",1955-1960,-1.6
"Slovenia",1960-1965,-1.2
"Slovenia",1965-1970,-0.8
"Slovenia",1970-1975,-0.5
"Slovenia",1975-1980,-0.2
"Slovenia",1980-1985,0
"Slovenia",1985-1990,0.2
"Slovenia",1990-1995,0.3
"Slovenia",1995-2000,0.3
"Slovenia",2000-2005,0.3
"Slovenia",2005-2010,0.3
"Slovenia",2010-2015,0.2
"Slovenia",2015-2020,0.1
"Slovenia",2020-2025,0.1
"Solomon Islands",1950-1955,0.4
"Solomon Islands",1955-1960,0.6
"Solomon Islands",1960-1965,0.8
"Solomon Islands",1965-1970,1
"Solomon Islands",1970-1975,1.3
"Solomon Islands",1975-1980,1.5
"Solomon Islands",1980-1985,1.7
"Solomon Islands",1985-1990,1.9
"Solomon Islands",1990-1995,2.1
"Solomon Islands",1995-2000,2.2
"Solomon Islands",2000-2005,2.2
"Solomon Islands",2005-2010,2
"Solomon Islands",2010-2015,1.8
"Solomon Islands",2015-2020,1.7
"Solomon Islands",2020-2025,1.5
"Somalia",1950-1955,0.9
"Somalia",1955-1960,0.9
"Somalia",1960-1965,1
"Somalia",1965-1970,1.1
"Somalia",1970-1975,1.2
"Somalia",1975-1980,1.3
"Somalia",1980-1985,1.4
"Somalia",1985-1990,1.6
"Somalia",1990-1995,1.8
"Somalia",1995-2000,1.9
"Somalia",2000-2005,2
"Somalia",2005-2010,2
"Somalia",2010-2015,1.9
"Somalia",2015-2020,1.9
"Somalia",2020-2025,1.8
"South Africa",1950-1955,0.5
"South Africa",1955-1960,0.7
"South Africa",1960-1965,0.8
"South Africa",1965-1970,0.9
"South Africa",1970-1975,0.9
"South Africa",1975-1980,0.9
"South Africa",1980-1985,0.9
"South Africa",1985-1990,0.8
"South Africa",1990-1995,0.7
"South Africa",1995-2000,0.6
"South Africa",2000-2005,0.6
"South Africa",2005-2010,0.5
"South Africa",2010-2015,0.4
"South Africa",2015-2020,0.3
"South Africa",2020-2025,0.3
"South Sudan",1950-1955,0.1
"South Sudan",1955-1960,0.1
"South Sudan",1960-1965,0.2
"South Sudan",1965-1970,0.3
"South Sudan",1970-1975,0.4
"South Sudan",1975-1980,0.5
"South Sudan",1980-1985,0.6
"South Sudan",1985-1990,0.7
"South Sudan",1990-1995,0.9
"South Sudan",1995-2000,1.1
"South Sudan",2000-2005,1.3
"South Sudan",2005-2010,1.5
"South Sudan",2010-2015,1.7
"South Sudan",2015-2020,1.8
"South Sudan",2020-2025,1.8
"Spain",1950-1955,0.9
"Spain",1955-1960,1
"Spain",1960-1965,1
"Spain",1965-1970,1.1
"Spain",1970-1975,1.1
"Spain",1975-1980,1.1
"Spain",1980-1985,1.1
"Spain",1985-1990,1.1
"Spain",1990-1995,1
"Spain",1995-2000,0.8
"Spain",2000-2005,0.7
"Spain",2005-2010,0.5
"Spain",2010-2015,0.3
"Spain",2015-2020,0.2
"Spain",2020-2025,0.1
"Sri Lanka",1950-1955,1.1
"Sri Lanka",1955-1960,1.1
"Sri Lanka",1960-1965,1.1
"Sri Lanka",1965-1970,1
"Sri Lanka",1970-1975,1
"Sri Lanka",1975-1980,0.9
"Sri Lanka",1980-1985,0.8
"Sri Lanka",1985-1990,0.6
"Sri Lanka",1990-1995,0.4
"Sri Lanka",1995-2000,0.2
"Sri Lanka",2000-2005,0.1
"Sri Lanka",2005-2010,0
"Sri Lanka",2010-2015,-0.1
"Sri Lanka",2015-2020,-0.2
"Sri Lanka",2020-2025,-0.3
"Sudan",1950-1955,0
"Sudan",1955-1960,0.1
"Sudan",1960-1965,0.2
"Sudan",1965-1970,0.3
"Sudan",1970-1975,0.4
"Sudan",1975-1980,0.6
"Sudan",1980-1985,0.9
"Sudan",1985-1990,1.1
"Sudan",1990-1995,1.3
"Sudan",1995-2000,1.5
"Sudan",2000-2005,1.5
"Sudan",2005-2010,1.5
"Sudan",2010-2015,1.5
"Sudan",2015-2020,1.4
"Sudan",2020-2025,1.3
"Suriname",1950-1955,0.6
"Suriname",1955-1960,0.6
"Suriname",1960-1965,0.7
"Suriname",1965-1970,0.7
"Suriname",1970-1975,0.8
"Suriname",1975-1980,0.8
"Suriname",1980-1985,0.8
"Suriname",1985-1990,0.8
"Suriname",1990-1995,0.7
"Suriname",1995-2000,0.7
"Suriname",2000-2005,0.6
"Suriname",2005-2010,0.5
"Suriname",2010-2015,0.3
"Suriname",2015-2020,0.3
"Suriname",2020-2025,0.2
"Swaziland",1950-1955,0.4
"Swaziland",1955-1960,0.4
"Swaziland",1960-1965,0.5
"Swaziland",1965-1970,0.6
"Swaziland",1970-1975,0.7
"Swaziland",1975-1980,0.7
"Swaziland",1980-1985,0.8
"Swaziland",1985-1990,0.8
"Swaziland",1990-1995,0.7
"Swaziland",1995-2000,0.7
"Swaziland",2000-2005,0.7
"Swaziland",2005-2010,0.7
"Swaziland",2010-2015,0.7
"Swaziland",2015-2020,0.6
"Swaziland",2020-2025,0.5
"Sweden",1950-1955,0.3
"Sweden",1955-1960,0.3
"Sweden",1960-1965,0.4
"Sweden",1965-1970,0.4
"Sweden",1970-1975,0.4
"Sweden",1975-1980,0.4
"Sweden",1980-1985,0.3
"Sweden",1985-1990,0.3
"Sweden",1990-1995,0.3
"Sweden",1995-2000,0.2
"Sweden",2000-2005,0.2
"Sweden",2005-2010,0.1
"Sweden",2010-2015,0
"Sweden",2015-2020,-0.1
"Sweden",2020-2025,-0.1
"Switzerland",1950-1955,1.9
"Switzerland",1955-1960,1.9
"Switzerland",1960-1965,2
"Switzerland",1965-1970,2
"Switzerland",1970-1975,2
"Switzerland",1975-1980,1.9
"Switzerland",1980-1985,1.9
"Switzerland",1985-1990,1.8
"Switzerland",1990-1995,1.7
"Switzerland",1995-2000,1.5
"Switzerland",2000-2005,1.4
"Switzerland",2005-2010,1.3
"Switzerland",2010-2015,1.1
"Switzerland",2015-2020,1
"Switzerland",2020-2025,0.9
"Syrian Arab Republic",1950-1955,1.5
"Syrian Arab Republic",1955-1960,1.6
"Syrian Arab Republic",1960-1965,1.8
"Syrian Arab Republic",1965-1970,2
"Syrian Arab Republic",1970-1975,2.1
"Syrian Arab Republic",1975-1980,2.3
"Syrian Arab Republic",1980-1985,2.5
"Syrian Arab Republic",1985-1990,2.6
"Syrian Arab Republic",1990-1995,2.6
"Syrian Arab Republic",1995-2000,2.4
"Syrian Arab Republic",2000-2005,2.2
"Syrian Arab Republic",2005-2010,1.8
"Syrian Arab Republic",2010-2015,1.5
"Syrian Arab Republic",2015-2020,1.5
"Syrian Arab Republic",2020-2025,1.3
"Taiwan Province of China",1950-1955,1.7
"Taiwan Province of China",1955-1960,1.9
"Taiwan Province of China",1960-1965,2
"Taiwan Province of China",1965-1970,2
"Taiwan Province of China",1970-1975,2.1
"Taiwan Province of China",1975-1980,1.9
"Taiwan Province of China",1980-1985,1.8
"Taiwan Province of China",1985-1990,1.6
"Taiwan Province of China",1990-1995,1.4
"Taiwan Province of China",1995-2000,1.2
"Taiwan Province of China",2000-2005,1
"Taiwan Province of China",2005-2010,0.9
"Taiwan Province of China",2010-2015,0.7
"Taiwan Province of China",2015-2020,0.7
"Taiwan Province of China",2020-2025,0.6
"Tajikistan",1950-1955,-0.5
"Tajikistan",1955-1960,-0.1
"Tajikistan",1960-1965,0.4
"Tajikistan",1965-1970,0.9
"Tajikistan",1970-1975,1.4
"Tajikistan",1975-1980,1.6
"Tajikistan",1980-1985,1.6
"Tajikistan",1985-1990,1.6
"Tajikistan",1990-1995,1.5
"Tajikistan",1995-2000,1.4
"Tajikistan",2000-2005,1.1
"Tajikistan",2005-2010,1
"Tajikistan",2010-2015,0.9
"Tajikistan",2015-2020,0.7
"Tajikistan",2020-2025,0.6
"Thailand",1950-1955,1.3
"Thailand",1955-1960,1.4
"Thailand",1960-1965,1.3
"Thailand",1965-1970,1.3
"Thailand",1970-1975,1.2
"Thailand",1975-1980,1.1
"Thailand",1980-1985,1
"Thailand",1985-1990,0.9
"Thailand",1990-1995,0.8
"Thailand",1995-2000,0.7
"Thailand",2000-2005,0.6
"Thailand",2005-2010,0.4
"Thailand",2010-2015,0.3
"Thailand",2015-2020,0.2
"Thailand",2020-2025,0.2
"The former Yugoslav Republic of Macedonia",1950-1955,0.5
"The former Yugoslav Republic of Macedonia",1955-1960,0.7
"The former Yugoslav Republic of Macedonia",1960-1965,0.9
"The former Yugoslav Republic of Macedonia",1965-1970,1.2
"The former Yugoslav Republic of Macedonia",1970-1975,1.5
"The former Yugoslav Republic of Macedonia",1975-1980,1.8
"The former Yugoslav Republic of Macedonia",1980-1985,2
"The former Yugoslav Republic of Macedonia",1985-1990,2.1
"The former Yugoslav Republic of Macedonia",1990-1995,2.1
"The former Yugoslav Republic of Macedonia",1995-2000,2.1
"The former Yugoslav Republic of Macedonia",2000-2005,2
"The former Yugoslav Republic of Macedonia",2005-2010,1.9
"The former Yugoslav Republic of Macedonia",2010-2015,1.8
"The former Yugoslav Republic of Macedonia",2015-2020,1.6
"The former Yugoslav Republic of Macedonia",2020-2025,1.4
"Timor-Leste",1950-1955,0.4
"Timor-Leste",1955-1960,0.4
"Timor-Leste",1960-1965,0.4
"Timor-Leste",1965-1970,0.4
"Timor-Leste",1970-1975,0.4
"Timor-Leste",1975-1980,0.4
"Timor-Leste",1980-1985,0.7
"Timor-Leste",1985-1990,1
"Timor-Leste",1990-1995,1.4
"Timor-Leste",1995-2000,1.7
"Timor-Leste",2000-2005,1.8
"Timor-Leste",2005-2010,1.8
"Timor-Leste",2010-2015,1.7
"Timor-Leste",2015-2020,1.7
"Timor-Leste",2020-2025,1.6
"Togo",1950-1955,0.4
"Togo",1955-1960,0.5
"Togo",1960-1965,0.6
"Togo",1965-1970,0.8
"Togo",1970-1975,1.1
"Togo",1975-1980,1.3
"Togo",1980-1985,1.6
"Togo",1985-1990,2
"Togo",1990-1995,2.5
"Togo",1995-2000,2.8
"Togo",2000-2005,3
"Togo",2005-2010,3.2
"Togo",2010-2015,3.3
"Togo",2015-2020,3.4
"Togo",2020-2025,3.3
"Tonga",1950-1955,0.5
"Tonga",1955-1960,0.4
"Tonga",1960-1965,0.4
"Tonga",1965-1970,0.4
"Tonga",1970-1975,0.4
"Tonga",1975-1980,0.4
"Tonga",1980-1985,0.4
"Tonga",1985-1990,0.5
"Tonga",1990-1995,0.5
"Tonga",1995-2000,0.5
"Tonga",2000-2005,0.4
"Tonga",2005-2010,0.3
"Tonga",2010-2015,0.2
"Tonga",2015-2020,0.2
"Tonga",2020-2025,0.2
"Trinidad and Tobago",1950-1955,1
"Trinidad and Tobago",1955-1960,0.9
"Trinidad and Tobago",1960-1965,0.8
"Trinidad and Tobago",1965-1970,0.8
"Trinidad and Tobago",1970-1975,0.7
"Trinidad and Tobago",1975-1980,0.6
"Trinidad and Tobago",1980-1985,0.5
"Trinidad and Tobago",1985-1990,0.4
"Trinidad and Tobago",1990-1995,0.2
"Trinidad and Tobago",1995-2000,0.1
"Trinidad and Tobago",2000-2005,0
"Trinidad and Tobago",2005-2010,-0.1
"Trinidad and Tobago",2010-2015,-0.2
"Trinidad and Tobago",2015-2020,-0.2
"Trinidad and Tobago",2020-2025,-0.3
"Tunisia",1950-1955,0.5
"Tunisia",1955-1960,0.6
"Tunisia",1960-1965,0.8
"Tunisia",1965-1970,1
"Tunisia",1970-1975,1.2
"Tunisia",1975-1980,1.6
"Tunisia",1980-1985,2.1
"Tunisia",1985-1990,2.5
"Tunisia",1990-1995,2.7
"Tunisia",1995-2000,2.7
"Tunisia",2000-2005,2.7
"Tunisia",2005-2010,2.5
"Tunisia",2010-2015,2.3
"Tunisia",2015-2020,2
"Tunisia",2020-2025,1.8
"Turkey",1950-1955,1.3
"Turkey",1955-1960,1.5
"Turkey",1960-1965,1.6
"Turkey",1965-1970,1.8
"Turkey",1970-1975,2
"Turkey",1975-1980,2.1
"Turkey",1980-1985,2.1
"Turkey",1985-1990,2.2
"Turkey",1990-1995,2.2
"Turkey",1995-2000,2.2
"Turkey",2000-2005,2.1
"Turkey",2005-2010,2
"Turkey",2010-2015,1.9
"Turkey",2015-2020,1.7
"Turkey",2020-2025,1.6
"Turkmenistan",1950-1955,-0.3
"Turkmenistan",1955-1960,0.1
"Turkmenistan",1960-1965,0.5
"Turkmenistan",1965-1970,0.9
"Turkmenistan",1970-1975,1.2
"Turkmenistan",1975-1980,1.3
"Turkmenistan",1980-1985,1.2
"Turkmenistan",1985-1990,1.1
"Turkmenistan",1990-1995,0.9
"Turkmenistan",1995-2000,0.8
"Turkmenistan",2000-2005,0.7
"Turkmenistan",2005-2010,0.5
"Turkmenistan",2010-2015,0.4
"Turkmenistan",2015-2020,0.3
"Turkmenistan",2020-2025,0.2
"Uganda",1950-1955,0.9
"Uganda",1955-1960,1.2
"Uganda",1960-1965,1.5
"Uganda",1965-1970,1.8
"Uganda",1970-1975,2.1
"Uganda",1975-1980,2.3
"Uganda",1980-1985,2.5
"Uganda",1985-1990,2.5
"Uganda",1990-1995,2.5
"Uganda",1995-2000,2.4
"Uganda",2000-2005,2.3
"Uganda",2005-2010,2.1
"Uganda",2010-2015,1.8
"Uganda",2015-2020,1.6
"Uganda",2020-2025,1.3
"Ukraine",1950-1955,1.7
"Ukraine",1955-1960,1.8
"Ukraine",1960-1965,2
"Ukraine",1965-1970,2
"Ukraine",1970-1975,2
"Ukraine",1975-1980,1.9
"Ukraine",1980-1985,1.8
"Ukraine",1985-1990,1.6
"Ukraine",1990-1995,1.3
"Ukraine",1995-2000,1
"Ukraine",2000-2005,0.7
"Ukraine",2005-2010,0.4
"Ukraine",2010-2015,0.2
"Ukraine",2015-2020,0.1
"Ukraine",2020-2025,0
"United Arab Emirates",1950-1955,0.4
"United Arab Emirates",1955-1960,0.7
"United Arab Emirates",1960-1965,0.9
"United Arab Emirates",1965-1970,1.8
"United Arab Emirates",1970-1975,2.7
"United Arab Emirates",1975-1980,3.2
"United Arab Emirates",1980-1985,2.9
"United Arab Emirates",1985-1990,1.9
"United Arab Emirates",1990-1995,1.3
"United Arab Emirates",1995-2000,0.2
"United Arab Emirates",2000-2005,-0.7
"United Arab Emirates",2005-2010,-1.4
"United Arab Emirates",2010-2015,-2
"United Arab Emirates",2015-2020,-1.9
"United Arab Emirates",2020-2025,-1.8
"United Kingdom of Great Britain and Northern Ireland",1950-1955,0.7
"United Kingdom of Great Britain and Northern Ireland",1955-1960,0.8
"United Kingdom of Great Britain and Northern Ireland",1960-1965,0.8
"United Kingdom of Great Britain and Northern Ireland",1965-1970,0.8
"United Kingdom of Great Britain and Northern Ireland",1970-1975,0.8
"United Kingdom of Great Britain and Northern Ireland",1975-1980,0.8
"United Kingdom of Great Britain and Northern Ireland",1980-1985,0.7
"United Kingdom of Great Britain and Northern Ireland",1985-1990,0.7
"United Kingdom of Great Britain and Northern Ireland",1990-1995,0.6
"United Kingdom of Great Britain and Northern Ireland",1995-2000,0.5
"United Kingdom of Great Britain and Northern Ireland",2000-2005,0.4
"United Kingdom of Great Britain and Northern Ireland",2005-2010,0.4
"United Kingdom of Great Britain and Northern Ireland",2010-2015,0.3
"United Kingdom of Great Britain and Northern Ireland",2015-2020,0.2
"United Kingdom of Great Britain and Northern Ireland",2020-2025,0.1
"United Republic of Tanzania",1950-1955,0.9
"United Republic of Tanzania",1955-1960,1
"United Republic of Tanzania",1960-1965,1.2
"United Republic of Tanzania",1965-1970,1.5
"United Republic of Tanzania",1970-1975,1.8
"United Republic of Tanzania",1975-1980,2.1
"United Republic of Tanzania",1980-1985,2.3
"United Republic of Tanzania",1985-1990,2.4
"United Republic of Tanzania",1990-1995,2.4
"United Republic of Tanzania",1995-2000,2.3
"United Republic of Tanzania",2000-2005,2
"United Republic of Tanzania",2005-2010,1.7
"United Republic of Tanzania",2010-2015,1.5
"United Republic of Tanzania",2015-2020,1.3
"United Republic of Tanzania",2020-2025,1
"United States of America",1950-1955,-0.3
"United States of America",1955-1960,-0.3
"United States of America",1960-1965,-0.1
"United States of America",1965-1970,0
"United States of America",1970-1975,0.1
"United States of America",1975-1980,0.2
"United States of America",1980-1985,0.2
"United States of America",1985-1990,0.2
"United States of America",1990-1995,0.2
"United States of America",1995-2000,0.1
"United States of America",2000-2005,0.1
"United States of America",2005-2010,0
"United States of America",2010-2015,-0.1
"United States of America",2015-2020,-0.1
"United States of America",2020-2025,-0.1
"United States Virgin Islands",2015-2020,-0.5
"United States Virgin Islands",2020-2025,-0.5
"Uruguay",1950-1955,-0.1
"Uruguay",1955-1960,-0.1
"Uruguay",1960-1965,-0.1
"Uruguay",1965-1970,-0.1
"Uruguay",1970-1975,-0.1
"Uruguay",1975-1980,-0.1
"Uruguay",1980-1985,-0.2
"Uruguay",1985-1990,-0.2
"Uruguay",1990-1995,-0.2
"Uruguay",1995-2000,-0.2
"Uruguay",2000-2005,-0.2
"Uruguay",2005-2010,-0.3
"Uruguay",2010-2015,-0.3
"Uruguay",2015-2020,-0.3
"Uruguay",2020-2025,-0.4
"Uzbekistan",2015-2020,0.2
"Uzbekistan",2020-2025,0.1
"Vanuatu",1950-1955,0.7
"Vanuatu",1955-1960,0.8
"Vanuatu",1960-1965,0.9
"Vanuatu",1965-1970,1
"Vanuatu",1970-1975,1.1
"Vanuatu",1975-1980,1.2
"Vanuatu",1980-1985,1.3
"Vanuatu",1985-1990,1.3
"Vanuatu",1990-1995,1.2
"Vanuatu",1995-2000,1.2
"Vanuatu",2000-2005,1.1
"Vanuatu",2005-2010,1.1
"Vanuatu",2010-2015,1
"Vanuatu",2015-2020,0.9
"Vanuatu",2020-2025,0.7
"Venezuela (Bolivarian Republic of)",1950-1955,0.4
"Venezuela (Bolivarian Republic of)",1955-1960,0.4
"Venezuela (Bolivarian Republic of)",1960-1965,0.4
"Venezuela (Bolivarian Republic of)",1965-1970,0.4
"Venezuela (Bolivarian Republic of)",1970-1975,0.4
"Venezuela (Bolivarian Republic of)",1975-1980,0.4
"Venezuela (Bolivarian Republic of)",1980-1985,0.3
"Venezuela (Bolivarian Republic of)",1985-1990,0.1
"Venezuela (Bolivarian Republic of)",1990-1995,-0.1
"Venezuela (Bolivarian Republic of)",1995-2000,-0.3
"Venezuela (Bolivarian Republic of)",2000-2005,-0.5
"Venezuela (Bolivarian Republic of)",2005-2010,-0.6
"Venezuela (Bolivarian Republic of)",2010-2015,-0.7
"Venezuela (Bolivarian Republic of)",2015-2020,-0.7
"Venezuela (Bolivarian Republic of)",2020-2025,-0.8
"Viet Nam",1950-1955,1.2
"Viet Nam",1955-1960,1.4
"Viet Nam",1960-1965,1.7
"Viet Nam",1965-1970,1.9
"Viet Nam",1970-1975,2.1
"Viet Nam",1975-1980,2.3
"Viet Nam",1980-1985,2.3
"Viet Nam",1985-1990,2.2
"Viet Nam",1990-1995,2
"Viet Nam",1995-2000,1.7
"Viet Nam",2000-2005,1.5
"Viet Nam",2005-2010,1.3
"Viet Nam",2010-2015,1.1
"Viet Nam",2015-2020,0.9
"Viet Nam",2020-2025,0.7
"Western Sahara",2015-2020,1.1
"Western Sahara",2020-2025,1
"World",1950-1955,0.9
"World",1955-1960,1
"World",1960-1965,1.1
"World",1965-1970,1.2
"World",1970-1975,1.2
"World",1975-1980,1.3
"World",1980-1985,1.3
"World",1985-1990,1.3
"World",1990-1995,1.3
"World",1995-2000,1.3
"World",2000-2005,1.2
"World",2005-2010,1.1
"World",2010-2015,1
"World",2015-2020,0.9
"World",2020-2025,0.9
"Yemen",1950-1955,0
"Yemen",1955-1960,0
"Yemen",1960-1965,0
"Yemen",1965-1970,0
"Yemen",1970-1975,0
"Yemen",1975-1980,0
"Yemen",1980-1985,0
"Yemen",1985-1990,0.1
"Yemen",1990-1995,0.2
"Yemen",1995-2000,0.3
"Yemen",2000-2005,0.6
"Yemen",2005-2010,1.3
"Yemen",2010-2015,2
"Yemen",2015-2020,2.5
"Yemen",2020-2025,3.2
"Zambia",1950-1955,1.8
"Zambia",1955-1960,2.2
"Zambia",1960-1965,2.7
"Zambia",1965-1970,3.1
"Zambia",1970-1975,3.4
"Zambia",1975-1980,3.7
"Zambia",1980-1985,3.7
"Zambia",1985-1990,3.6
"Zambia",1990-1995,3.4
"Zambia",1995-2000,3.3
"Zambia",2000-2005,3
"Zambia",2005-2010,2.8
"Zambia",2010-2015,2.5
"Zambia",2015-2020,2.1
"Zambia",2020-2025,1.8
"Zimbabwe",1950-1955,0.6
"Zimbabwe",1955-1960,0.8
"Zimbabwe",1960-1965,1
"Zimbabwe",1965-1970,1
"Zimbabwe",1970-1975,1
"Zimbabwe",1975-1980,1.1
"Zimbabwe",1980-1985,1.3
"Zimbabwe",1985-1990,1.5
"Zimbabwe",1990-1995,1.6
"Zimbabwe",1995-2000,1.6
"Zimbabwe",2000-2005,1.5
"Zimbabwe",2005-2010,1.3
"Zimbabwe",2010-2015,1
"Zimbabwe",2015-2020,0.9
"Zimbabwe",2020-2025,0.8
